Date,District,cumm_rainfall,temp_min,temp_max,humidity_min,humidity_max,wind_speed_min,wind_speed_max
2018-01-01,Warangal,0.0,17.8,34.9,44.9,100.0,0.0,16.6
2018-01-02,Warangal,0.0,19.3,34.9,49.4,100.0,0.0,17.2
2018-01-03,Warangal,0.0,19.3,34.6,53.6,100.0,0.4,16.4
2018-01-04,Warangal,0.0,17.0,33.0,43.3,100.0,2.4,20.9
2018-01-05,Warangal,0.0,17.5,32.5,45.2,100.0,0.0,17.4
2018-01-06,Warangal,0.0,16.5,34.9,41.6,100.0,0.0,19.4
2018-01-07,Warangal,0.0,16.7,34.6,44.9,100.0,0.0,19.9
2018-01-08,Warangal,0.0,17.9,34.62,51.8,100.0,4.0,17.2
2018-01-09,Warangal,0.0,19.3,32.5,47.4,100.0,0.2,22.4
2018-01-10,Warangal,0.0,18.1,32.8,52.2,100.0,1.4,15.2
2018-01-11,Warangal,0.0,19.3,34.6,41.9,100.0,2.5,16.4
2018-01-12,Warangal,0.0,19.3,35.6,41.6,100.0,0.9,15.7
2018-01-13,Warangal,0.0,20.1,34.9,60.5,100.0,2.6,16.0
2018-01-14,Warangal,0.0,21.8,35.0,38.8,100.0,2.6,21.8
2018-01-15,Warangal,0.0,21.4,34.6,59.7,100.0,4.4,19.1
2018-01-16,Warangal,0.0,19.4,35.0,49.6,100.0,0.3,16.2
2018-01-17,Warangal,0.0,19.0,35.2,52.7,100.0,1.9,18.0
2018-01-18,Warangal,0.0,19.7,34.9,72.2,100.0,3.5,20.5
2018-01-19,Warangal,0.0,16.7,34.6,46.5,100.0,0.2,19.2
2018-01-20,Warangal,0.0,14.6,34.6,45.7,100.0,2.2,10.0
2018-01-21,Warangal,0.0,19.3,34.6,53.9,100.0,0.0,13.7
2018-01-22,Warangal,0.0,19.1,34.6,46.5,100.0,1.8,15.3
2018-01-23,Warangal,0.0,17.7,34.6,53.7,100.0,4.3,21.0
2018-01-24,Warangal,0.0,21.9,34.6,46.5,100.0,2.1,27.8
2018-01-25,Warangal,0.0,19.4,34.6,56.4,100.0,6.4,16.0
2018-01-26,Warangal,0.0,19.3,34.6,43.9,100.0,1.6,22.0
2018-01-27,Warangal,0.0,16.6,35.1,30.4,100.0,0.0,14.1
2018-01-28,Warangal,0.0,19.3,34.6,43.2,100.0,1.5,15.1
2018-01-29,Warangal,0.0,18.0,35.0,46.8,100.0,0.0,15.0
2018-01-30,Warangal,0.0,17.7,34.6,45.8,100.0,1.8,16.2
2018-01-31,Warangal,0.0,17.2,34.6,39.8,100.0,5.3,22.4
2018-02-01,Warangal,0.0,17.8,35.8,30.2,100.0,0.9,22.5
2018-02-02,Warangal,0.0,15.8,35.7,25.1,100.0,2.0,22.9
2018-02-03,Warangal,0.0,17.3,35.8,23.8,100.0,1.5,16.3
2018-02-04,Warangal,0.0,16.7,34.6,39.7,100.0,3.4,26.5
2018-02-05,Warangal,0.0,18.2,34.6,34.8,100.0,3.0,19.7
2018-02-06,Warangal,0.0,18.1,35.6,42.6,100.0,2.1,16.6
2018-02-07,Warangal,0.0,22.0,35.7,43.1,99.9,0.1,17.1
2018-02-08,Warangal,0.3,21.8,32.2,45.5,99.9,1.5,19.0
2018-02-09,Warangal,0.0,22.0,36.0,36.0,100.0,0.0,16.9
2018-02-10,Warangal,1.5,22.4,35.2,53.3,100.0,0.0,20.3
2018-02-11,Warangal,0.3,23.0,34.6,59.7,100.0,0.0,22.1
2018-02-12,Warangal,0.3,22.3,32.6,58.3,100.0,4.0,27.1
2018-02-13,Warangal,0.3,22.7,34.6,50.7,100.0,5.9,23.3
2018-02-14,Warangal,0.0,21.8,34.6,50.7,100.0,0.0,18.1
2018-02-15,Warangal,0.0,20.4,35.7,41.1,100.0,0.9,18.1
2018-02-16,Warangal,0.0,21.8,36.0,47.4,100.0,0.8,20.1
2018-02-17,Warangal,0.0,21.8,35.4,36.4,100.0,0.0,24.3
2018-02-18,Warangal,0.0,19.7,37.0,30.7,100.0,0.0,18.8
2018-02-19,Warangal,0.0,21.8,36.4,46.5,100.0,0.0,19.6
2018-02-20,Warangal,0.0,24.1,35.9,42.6,100.0,1.0,24.8
2018-02-21,Warangal,0.0,21.8,37.2,43.8,100.0,3.8,24.1
2018-02-22,Warangal,0.0,26.3,37.3,46.8,80.9,0.0,19.4
2018-02-23,Warangal,0.0,20.3,37.2,39.7,100.0,0.0,16.5
2018-02-24,Warangal,0.0,24.4,37.3,40.0,100.0,2.8,26.2
2018-02-25,Warangal,0.0,19.3,37.2,32.2,100.0,1.0,23.1
2018-02-26,Warangal,0.0,21.8,37.8,27.3,100.0,0.0,16.4
2018-02-27,Warangal,0.0,20.5,38.8,30.9,96.6,0.0,15.9
2018-02-28,Warangal,0.0,21.8,39.0,31.0,92.1,0.0,20.0
2018-03-01,Warangal,0.0,23.6,38.8,25.5,100.0,0.0,20.6
2018-03-02,Warangal,0.0,24.4,38.5,30.7,85.5,0.0,16.9
2018-03-03,Warangal,0.0,21.8,38.9,25.0,83.2,0.0,20.5
2018-03-04,Warangal,0.0,24.0,40.3,28.4,73.9,1.8,17.6
2018-03-05,Warangal,0.0,22.6,40.3,25.7,85.7,3.1,28.0
2018-03-06,Warangal,0.0,21.8,38.0,31.1,76.7,1.5,25.7
2018-03-07,Warangal,0.0,22.3,38.4,26.6,100.0,1.5,20.2
2018-03-08,Warangal,0.0,23.6,37.8,30.5,90.9,0.0,21.3
2018-03-09,Warangal,0.0,22.2,38.0,30.7,92.8,0.0,20.9
2018-03-10,Warangal,0.0,24.3,37.9,39.4,100.0,0.0,16.8
2018-03-11,Warangal,0.0,24.4,38.0,39.7,96.9,0.0,20.2
2018-03-12,Warangal,0.0,24.4,37.9,32.9,100.0,0.0,18.9
2018-03-13,Warangal,0.0,23.1,37.8,37.8,99.9,3.3,22.5
2018-03-14,Warangal,0.0,24.4,38.7,32.3,92.1,1.2,25.6
2018-03-15,Warangal,0.0,27.7,38.8,32.8,99.9,4.0,19.6
2018-03-16,Warangal,0.0,26.9,37.9,38.0,99.9,0.4,31.0
2018-03-17,Warangal,6.8,21.5,34.6,55.0,100.0,1.8,40.6
2018-03-18,Warangal,0.5,23.6,35.6,55.0,100.0,0.0,22.7
2018-03-19,Warangal,0.0,24.4,37.8,45.4,100.0,0.0,19.9
2018-03-20,Warangal,0.0,24.5,38.3,39.4,96.9,1.7,15.7
2018-03-21,Warangal,0.0,27.0,38.3,31.8,87.0,3.7,22.0
2018-03-22,Warangal,0.0,27.1,38.7,31.3,86.0,1.9,20.2
2018-03-23,Warangal,0.0,23.9,40.3,30.9,85.4,0.0,24.4
2018-03-24,Warangal,0.0,23.1,41.2,26.5,100.0,0.0,25.5
2018-03-25,Warangal,0.0,25.2,41.5,26.1,100.0,0.0,17.0
2018-03-26,Warangal,0.0,26.9,39.0,48.1,100.0,0.0,17.5
2018-03-27,Warangal,0.0,26.0,38.9,37.6,100.0,0.1,15.2
2018-03-28,Warangal,0.0,26.9,40.7,29.8,100.0,0.3,19.8
2018-03-29,Warangal,0.0,27.7,40.3,35.3,100.0,6.2,23.1
2018-03-30,Warangal,0.0,26.8,40.6,38.5,100.0,0.8,19.1
2018-03-31,Warangal,2.8,26.5,40.4,47.7,100.0,3.3,21.7
2018-04-01,Warangal,2.3,26.8,39.0,55.4,100.0,3.9,21.3
2018-04-02,Warangal,10.0,24.4,40.3,46.8,98.3,3.2,32.0
2018-04-03,Warangal,0.0,26.9,37.2,55.4,100.0,2.1,31.4
2018-04-04,Warangal,0.0,25.5,38.2,49.9,100.0,3.3,26.2
2018-04-05,Warangal,0.0,26.9,38.2,47.9,100.0,4.5,27.9
2018-04-06,Warangal,2.0,26.1,37.9,55.2,100.0,2.6,21.7
2018-04-07,Warangal,2.5,27.4,38.0,48.6,91.1,2.7,28.4
2018-04-08,Warangal,45.3,24.2,39.3,38.4,100.0,2.2,26.5
2018-04-09,Warangal,14.8,21.2,37.2,54.0,100.0,0.0,18.6
2018-04-10,Warangal,0.0,25.5,37.5,54.8,100.0,6.8,19.3
2018-04-11,Warangal,0.0,26.9,37.8,47.1,100.0,12.1,27.7
2018-04-12,Warangal,0.0,25.8,38.8,40.8,99.9,0.0,31.8
2018-04-13,Warangal,0.0,27.4,38.3,45.4,100.0,4.5,23.3
2018-04-14,Warangal,0.0,27.5,39.6,42.4,100.0,3.8,26.2
2018-04-15,Warangal,0.0,29.2,38.3,47.5,99.9,3.4,30.7
2018-04-16,Warangal,19.0,26.2,37.2,58.6,100.0,0.0,19.7
2018-04-17,Warangal,6.0,26.9,40.3,43.7,91.8,1.4,18.2
2018-04-18,Warangal,0.0,29.5,40.9,38.5,85.7,2.2,26.5
2018-04-19,Warangal,0.0,29.7,42.9,32.4,99.9,0.1,27.1
2018-04-20,Warangal,0.0,27.5,42.9,31.4,100.0,0.0,30.0
2018-04-21,Warangal,0.0,26.9,43.5,26.3,100.0,0.9,27.0
2018-04-22,Warangal,0.0,27.7,42.9,35.7,100.0,1.3,21.4
2018-04-23,Warangal,12.0,30.0,43.0,40.6,99.9,4.1,23.1
2018-04-24,Warangal,14.8,28.1,42.9,31.8,100.0,2.3,36.2
2018-04-25,Warangal,15.5,27.4,43.0,40.2,99.9,6.4,28.0
2018-04-26,Warangal,1.0,29.5,42.7,39.5,99.9,2.7,21.4
2018-04-27,Warangal,0.0,28.2,42.7,33.6,99.9,3.0,32.5
2018-04-28,Warangal,0.0,29.5,42.6,33.0,97.3,3.4,26.9
2018-04-29,Warangal,0.0,29.4,42.3,39.7,93.4,6.9,32.0
2018-04-30,Warangal,1.0,29.4,42.7,35.1,97.6,6.1,36.5
2018-05-01,Warangal,0.0,28.4,43.5,31.4,98.3,1.7,23.1
2018-05-02,Warangal,0.0,25.4,43.5,43.1,99.9,3.7,40.5
2018-05-03,Warangal,0.3,28.9,42.3,47.3,97.7,4.8,38.0
2018-05-04,Warangal,98.8,22.7,37.2,70.9,100.0,0.0,60.7
2018-05-05,Warangal,0.0,26.4,37.2,58.4,100.0,3.8,23.1
2018-05-06,Warangal,0.0,28.4,40.1,48.3,100.0,5.6,32.9
2018-05-07,Warangal,0.0,29.5,42.2,47.5,100.0,4.5,29.6
2018-05-08,Warangal,0.0,28.7,42.9,44.0,99.9,1.2,19.6
2018-05-09,Warangal,0.0,28.8,42.7,43.6,97.6,1.2,28.1
2018-05-10,Warangal,0.5,28.6,42.3,47.3,99.9,4.7,42.8
2018-05-11,Warangal,0.0,28.6,41.1,46.7,99.9,4.0,22.0
2018-05-12,Warangal,2.8,29.7,42.8,40.0,97.7,4.5,26.2
2018-05-13,Warangal,40.5,24.8,42.6,43.0,100.0,1.5,50.5
2018-05-14,Warangal,1.0,29.5,41.0,47.3,100.0,0.0,23.3
2018-05-15,Warangal,72.5,22.9,41.6,48.9,100.0,0.7,40.0
2018-05-16,Warangal,0.0,26.5,39.9,47.2,100.0,5.0,18.5
2018-05-17,Warangal,1.0,29.5,41.0,47.2,91.0,2.2,21.0
2018-05-18,Warangal,0.0,27.4,41.7,47.8,99.9,5.9,24.3
2018-05-19,Warangal,0.0,29.0,42.3,45.9,90.8,4.0,24.9
2018-05-20,Warangal,0.0,28.5,43.1,56.5,99.9,1.1,27.6
2018-05-21,Warangal,0.0,28.4,42.9,40.3,86.5,6.4,31.7
2018-05-22,Warangal,0.0,31.1,41.0,47.5,84.3,6.9,26.8
2018-05-23,Warangal,0.0,30.6,42.5,37.0,86.9,5.0,19.9
2018-05-24,Warangal,0.3,28.2,41.7,40.7,90.8,4.0,23.9
2018-05-25,Warangal,1.3,30.4,42.3,44.1,84.3,5.5,24.5
2018-05-26,Warangal,0.0,28.0,42.3,40.1,99.9,5.3,32.0
2018-05-27,Warangal,1.5,28.6,40.6,47.5,84.6,2.8,29.2
2018-05-28,Warangal,0.0,28.9,42.0,47.5,84.3,2.4,28.0
2018-05-29,Warangal,0.0,27.9,42.5,56.5,91.8,8.6,22.4
2018-05-30,Warangal,0.0,31.3,44.3,56.5,87.2,0.7,31.0
2018-05-31,Warangal,3.8,30.9,43.2,56.5,99.9,2.6,43.1
2018-06-01,Warangal,2.0,28.8,42.6,47.0,87.9,3.0,27.3
2018-06-02,Warangal,32.3,28.0,42.6,41.4,100.0,2.3,23.1
2018-06-03,Warangal,70.0,25.4,34.6,92.6,100.0,0.0,16.6
2018-06-04,Warangal,4.0,27.4,40.7,49.5,90.8,1.2,17.4
2018-06-05,Warangal,22.8,28.9,40.6,43.0,100.0,0.3,23.2
2018-06-06,Warangal,4.3,28.1,39.2,55.2,98.4,0.8,18.8
2018-06-07,Warangal,39.8,26.9,40.6,48.8,100.0,1.4,21.9
2018-06-08,Warangal,22.3,25.9,37.2,66.4,100.0,4.6,34.4
2018-06-09,Warangal,3.0,27.4,36.2,69.4,99.9,1.6,19.6
2018-06-10,Warangal,16.0,27.5,37.2,70.0,100.0,2.4,24.6
2018-06-11,Warangal,78.0,26.2,37.6,59.1,100.0,4.2,38.0
2018-06-12,Warangal,24.5,25.3,34.6,82.2,100.0,2.2,38.5
2018-06-13,Warangal,85.3,26.3,37.2,69.1,100.0,1.2,36.7
2018-06-14,Warangal,0.3,29.3,38.3,55.2,99.9,2.9,27.4
2018-06-15,Warangal,0.0,29.6,37.9,51.5,82.8,4.2,29.6
2018-06-16,Warangal,0.8,29.4,40.0,45.9,83.7,0.0,29.6
2018-06-17,Warangal,9.0,30.7,39.9,39.9,89.2,0.0,29.9
2018-06-18,Warangal,4.8,28.9,39.3,38.5,84.8,1.6,38.7
2018-06-19,Warangal,12.5,28.8,39.0,46.2,98.3,3.3,32.2
2018-06-20,Warangal,0.5,30.5,39.6,44.0,71.3,3.5,28.6
2018-06-21,Warangal,2.0,29.6,39.9,44.0,79.9,0.2,24.0
2018-06-22,Warangal,42.0,25.9,40.5,52.8,100.0,0.0,35.3
2018-06-23,Warangal,55.3,24.8,38.0,68.4,100.0,0.8,26.0
2018-06-24,Warangal,1.0,26.6,34.6,85.3,100.0,0.5,38.2
2018-06-25,Warangal,3.0,27.5,37.2,64.4,99.9,1.2,23.4
2018-06-26,Warangal,6.3,27.4,38.2,62.2,99.9,6.5,29.7
2018-06-27,Warangal,1.5,26.9,37.2,64.4,100.0,1.0,29.1
2018-06-28,Warangal,91.3,23.7,37.2,63.7,100.0,2.0,35.1
2018-06-29,Warangal,20.0,24.7,33.2,95.5,100.0,0.4,28.2
2018-06-30,Warangal,21.0,26.4,37.2,83.2,100.0,0.0,57.0
2018-07-01,Warangal,1.0,26.6,37.8,56.5,100.0,0.0,18.6
2018-07-02,Warangal,2.0,26.4,37.2,66.7,100.0,3.6,68.8
2018-07-03,Warangal,11.0,25.5,37.9,62.6,100.0,1.0,24.9
2018-07-04,Warangal,0.5,27.6,34.6,80.4,100.0,4.3,24.8
2018-07-05,Warangal,1.0,29.5,37.6,55.5,93.3,4.8,33.3
2018-07-06,Warangal,41.8,27.2,37.2,61.1,100.0,1.0,33.8
2018-07-07,Warangal,37.0,25.2,32.4,94.1,100.0,2.7,33.7
2018-07-08,Warangal,37.5,24.8,29.8,98.9,100.0,8.6,23.3
2018-07-09,Warangal,42.0,25.7,31.0,99.1,100.0,4.4,43.7
2018-07-10,Warangal,15.5,25.5,32.4,99.5,100.0,0.0,19.2
2018-07-11,Warangal,2.5,27.6,34.9,84.8,100.0,7.7,22.0
2018-07-12,Warangal,13.5,25.3,32.6,91.4,100.0,3.3,28.5
2018-07-13,Warangal,23.3,25.2,30.7,91.8,100.0,1.9,56.1
2018-07-14,Warangal,44.3,26.9,32.6,90.5,100.0,3.4,25.9
2018-07-15,Warangal,44.5,26.9,30.4,98.5,100.0,2.1,24.7
2018-07-16,Warangal,26.0,27.2,32.1,98.0,100.0,5.9,47.7
2018-07-17,Warangal,5.0,25.6,32.4,94.1,100.0,6.8,27.2
2018-07-18,Warangal,14.8,27.2,34.6,93.6,100.0,2.7,27.0
2018-07-19,Warangal,6.5,29.5,37.2,78.9,100.0,2.2,37.4
2018-07-20,Warangal,94.5,26.9,36.4,76.7,100.0,0.1,27.7
2018-07-21,Warangal,69.5,25.5,32.2,96.1,100.0,1.7,33.5
2018-07-22,Warangal,5.8,26.9,32.1,97.6,100.0,1.4,15.7
2018-07-23,Warangal,4.3,26.2,33.8,91.4,100.0,5.9,37.5
2018-07-24,Warangal,2.3,27.2,35.8,80.7,100.0,2.4,58.7
2018-07-25,Warangal,15.0,26.7,37.1,83.5,100.0,0.0,65.7
2018-07-26,Warangal,2.8,26.8,36.7,72.8,100.0,0.0,26.0
2018-07-27,Warangal,1.5,28.2,35.9,73.1,100.0,0.0,30.2
2018-07-28,Warangal,3.5,27.0,37.0,77.7,100.0,2.7,24.2
2018-07-29,Warangal,1.8,27.0,37.1,70.4,100.0,0.0,35.1
2018-07-30,Warangal,0.3,27.7,37.2,66.8,100.0,1.0,26.4
2018-07-31,Warangal,0.8,27.8,37.6,58.3,93.1,0.0,30.9
2018-08-01,Warangal,1.3,28.2,37.0,59.7,98.2,0.0,42.8
2018-08-02,Warangal,15.0,26.2,37.2,56.0,100.0,3.4,26.4
2018-08-03,Warangal,19.8,27.9,35.5,70.9,100.0,0.0,34.9
2018-08-04,Warangal,0.5,27.9,37.2,69.1,99.9,1.3,29.4
2018-08-05,Warangal,4.5,29.8,37.2,64.0,100.0,1.9,28.1
2018-08-06,Warangal,4.0,27.8,36.2,66.4,100.0,0.0,26.2
2018-08-07,Warangal,25.3,27.2,34.9,63.1,100.0,0.8,34.8
2018-08-08,Warangal,16.3,26.9,32.4,88.2,100.0,0.0,33.7
2018-08-09,Warangal,9.3,27.2,34.6,88.2,100.0,1.5,25.2
2018-08-10,Warangal,10.3,26.3,35.6,80.7,100.0,0.0,26.9
2018-08-11,Warangal,59.3,25.1,35.4,84.4,100.0,2.3,28.5
2018-08-12,Warangal,119.3,24.2,27.3,98.2,100.0,8.9,22.8
2018-08-13,Warangal,29.0,24.8,30.2,98.2,100.0,5.5,25.8
2018-08-14,Warangal,24.3,25.9,34.6,97.5,100.0,2.5,22.8
2018-08-15,Warangal,1.8,29.0,32.6,99.0,100.0,5.3,39.1
2018-08-16,Warangal,26.3,25.8,29.8,96.7,100.0,7.9,25.3
2018-08-17,Warangal,11.5,25.0,32.4,99.0,100.0,4.3,20.0
2018-08-18,Warangal,5.3,26.7,32.6,95.2,100.0,0.7,27.5
2018-08-19,Warangal,90.4,27.4,32.7,94.6,100.0,2.8,37.9
2018-08-20,Warangal,54.5,25.2,30.2,98.5,100.0,6.2,43.9
2018-08-21,Warangal,46.5,24.8,27.6,97.2,100.0,17.1,68.3
2018-08-22,Warangal,2.3,26.9,32.8,92.8,100.0,5.1,25.0
2018-08-23,Warangal,1.0,28.6,35.0,86.2,100.0,0.5,34.2
2018-08-24,Warangal,18.5,27.9,34.6,91.5,100.0,9.6,29.5
2018-08-25,Warangal,2.5,26.8,35.0,87.6,100.0,1.0,27.9
2018-08-26,Warangal,1.5,27.7,34.6,89.4,100.0,4.6,62.5
2018-08-27,Warangal,47.0,27.4,32.5,96.0,100.0,1.5,21.0
2018-08-28,Warangal,1.5,25.5,32.5,97.5,100.0,0.4,32.0
2018-08-29,Warangal,3.3,25.2,34.6,93.6,100.0,0.0,23.1
2018-08-30,Warangal,0.8,26.9,35.1,84.8,100.0,0.0,44.2
2018-08-31,Warangal,3.8,25.9,35.2,79.4,100.0,6.9,29.4
2018-09-01,Warangal,6.8,26.9,34.6,84.8,100.0,3.2,26.4
2018-09-02,Warangal,1.5,26.0,35.3,88.7,100.0,0.0,24.8
2018-09-03,Warangal,2.3,27.2,35.0,73.3,100.0,1.5,21.9
2018-09-04,Warangal,1.3,25.9,35.1,73.6,100.0,0.9,26.1
2018-09-05,Warangal,4.8,27.8,35.1,70.9,100.0,0.0,26.8
2018-09-06,Warangal,2.0,27.6,35.3,69.5,100.0,5.9,24.3
2018-09-07,Warangal,1.8,27.7,34.6,72.7,100.0,2.2,33.1
2018-09-08,Warangal,0.0,24.8,34.6,73.0,100.0,0.0,30.0
2018-09-09,Warangal,0.0,23.2,36.1,76.7,100.0,0.0,13.4
2018-09-10,Warangal,0.0,25.6,36.6,52.7,100.0,0.0,16.1
2018-09-11,Warangal,15.3,26.4,36.4,56.4,100.0,0.0,21.9
2018-09-12,Warangal,0.3,26.8,36.7,67.3,100.0,0.0,15.3
2018-09-13,Warangal,13.5,25.4,36.8,68.4,100.0,0.0,25.9
2018-09-14,Warangal,1.5,27.5,36.6,60.7,100.0,0.0,17.8
2018-09-15,Warangal,28.8,25.6,37.0,58.5,100.0,0.0,25.7
2018-09-16,Warangal,0.3,26.9,37.0,53.5,100.0,0.0,21.4
2018-09-17,Warangal,0.0,28.2,36.9,66.4,100.0,0.1,26.2
2018-09-18,Warangal,50.8,26.9,36.7,67.8,100.0,0.5,28.8
2018-09-19,Warangal,39.5,27.4,35.9,83.2,100.0,0.0,27.8
2018-09-20,Warangal,5.5,25.4,34.6,95.0,100.0,0.0,26.4
2018-09-21,Warangal,10.0,26.4,32.5,99.5,100.0,1.6,20.4
2018-09-22,Warangal,45.5,22.9,27.4,98.6,100.0,0.0,25.9
2018-09-23,Warangal,0.8,25.8,35.0,94.5,100.0,5.8,25.5
2018-09-24,Warangal,6.0,26.1,37.0,76.2,100.0,0.0,22.4
2018-09-25,Warangal,0.3,25.4,36.2,85.5,100.0,0.0,17.8
2018-09-26,Warangal,19.0,27.1,36.1,75.1,100.0,0.0,26.6
2018-09-27,Warangal,27.0,24.8,35.8,84.6,100.0,0.0,23.8
2018-09-28,Warangal,0.5,27.2,36.5,74.2,100.0,0.0,17.5
2018-09-29,Warangal,17.8,26.2,36.5,78.6,100.0,0.0,17.9
2018-09-30,Warangal,20.8,27.2,36.9,76.2,100.0,0.8,17.9
2018-10-01,Warangal,5.0,27.2,36.8,65.0,100.0,0.0,16.5
2018-10-02,Warangal,31.0,27.2,36.4,76.5,100.0,0.0,17.4
2018-10-03,Warangal,16.8,26.9,37.0,70.5,100.0,0.0,14.6
2018-10-04,Warangal,8.5,27.2,37.0,74.3,99.9,0.0,14.7
2018-10-05,Warangal,1.0,23.6,36.4,68.3,100.0,0.0,16.7
2018-10-06,Warangal,0.5,24.6,36.2,59.8,100.0,0.0,16.0
2018-10-07,Warangal,1.0,25.7,36.7,57.7,100.0,0.0,19.2
2018-10-08,Warangal,0.0,25.5,37.0,55.1,100.0,0.0,20.0
2018-10-09,Warangal,0.0,25.4,36.7,50.9,100.0,0.0,24.7
2018-10-10,Warangal,0.0,25.3,37.0,51.4,100.0,2.1,21.5
2018-10-11,Warangal,0.0,24.9,35.9,56.4,100.0,6.2,35.7
2018-10-12,Warangal,0.0,27.2,35.3,57.8,96.3,1.5,36.8
2018-10-13,Warangal,0.0,24.0,35.7,65.9,100.0,0.0,26.0
2018-10-14,Warangal,0.0,24.6,36.8,53.9,100.0,0.0,19.2
2018-10-15,Warangal,0.8,25.6,35.9,62.1,100.0,0.0,23.2
2018-10-16,Warangal,4.8,25.7,35.9,67.3,100.0,0.0,19.2
2018-10-17,Warangal,3.5,27.2,36.4,63.1,100.0,0.0,19.2
2018-10-18,Warangal,5.0,25.6,36.2,67.5,100.0,0.0,14.8
2018-10-19,Warangal,0.0,22.8,36.1,59.3,100.0,0.0,19.5
2018-10-20,Warangal,0.0,24.6,36.2,58.4,100.0,0.0,18.9
2018-10-21,Warangal,0.0,25.6,36.4,52.8,100.0,0.0,15.6
2018-10-22,Warangal,0.0,24.6,36.5,55.5,100.0,0.0,18.6
2018-10-23,Warangal,0.0,24.6,36.7,54.3,100.0,0.0,18.1
2018-10-24,Warangal,0.0,27.2,36.7,57.8,100.0,0.0,18.1
2018-10-25,Warangal,0.0,24.4,35.8,67.4,100.0,0.0,18.9
2018-10-26,Warangal,0.0,18.9,36.9,38.7,100.0,0.0,21.7
2018-10-27,Warangal,0.0,19.9,36.5,40.0,100.0,0.0,20.1
2018-10-28,Warangal,0.0,22.1,36.1,33.4,100.0,0.0,21.8
2018-10-29,Warangal,0.0,20.8,35.9,43.0,100.0,0.0,28.3
2018-10-30,Warangal,0.0,22.6,35.6,46.5,86.3,3.4,34.3
2018-10-31,Warangal,0.0,21.1,36.7,46.8,98.9,2.4,25.6
2018-11-01,Warangal,0.0,22.0,36.0,46.2,100.0,0.0,19.9
2018-11-02,Warangal,0.0,23.4,36.0,62.6,100.0,0.0,17.8
2018-11-03,Warangal,0.8,27.2,35.9,57.9,100.0,0.0,18.7
2018-11-04,Warangal,0.0,27.2,36.1,60.2,100.0,1.5,23.2
2018-11-05,Warangal,0.0,25.5,36.1,69.4,100.0,0.0,17.9
2018-11-06,Warangal,0.0,23.0,36.3,68.9,100.0,0.0,15.4
2018-11-07,Warangal,0.0,25.4,36.7,50.9,100.0,0.0,19.8
2018-11-08,Warangal,0.0,24.6,36.2,54.2,100.0,2.4,14.9
2018-11-09,Warangal,0.0,24.6,36.2,64.7,100.0,0.0,16.1
2018-11-10,Warangal,0.0,20.0,36.5,55.0,100.0,1.7,19.2
2018-11-11,Warangal,0.0,19.9,36.5,43.6,100.0,0.3,21.3
2018-11-12,Warangal,0.0,19.0,37.0,39.4,100.0,2.3,21.7
2018-11-13,Warangal,0.0,19.5,35.8,36.0,100.0,1.8,27.2
2018-11-14,Warangal,0.0,19.5,36.3,31.2,100.0,2.2,22.7
2018-11-15,Warangal,0.0,21.9,35.7,39.4,100.0,0.3,19.9
2018-11-16,Warangal,0.0,21.9,36.8,43.2,100.0,1.8,20.7
2018-11-17,Warangal,0.0,27.0,36.4,40.6,100.0,0.3,10.5
2018-11-18,Warangal,52.0,27.0,36.2,58.1,100.0,0.3,15.2
2018-11-19,Warangal,0.0,26.4,36.4,63.6,100.0,2.9,22.7
2018-11-20,Warangal,0.0,24.3,36.4,54.3,100.0,3.0,17.2
2018-11-21,Warangal,0.0,22.6,35.6,53.6,100.0,2.2,17.8
2018-11-22,Warangal,0.0,21.9,35.6,42.3,100.0,1.4,24.3
2018-11-23,Warangal,0.0,22.6,35.7,46.8,100.0,2.1,21.1
2018-11-24,Warangal,0.0,21.9,35.4,55.1,100.0,1.0,15.4
2018-11-25,Warangal,0.0,19.3,34.9,42.6,100.0,3.3,21.7
2018-11-26,Warangal,0.0,18.0,34.8,39.1,100.0,0.0,18.9
2018-11-27,Warangal,0.0,16.9,35.7,40.0,100.0,2.2,19.5
2018-11-28,Warangal,0.0,17.3,35.6,44.1,100.0,2.0,15.3
2018-11-29,Warangal,0.0,17.4,35.2,42.9,100.0,2.2,15.0
2018-11-30,Warangal,0.0,17.4,34.9,39.4,100.0,2.5,12.3
2018-12-01,Warangal,0.0,17.8,35.7,46.5,100.0,1.1,15.3
2018-12-02,Warangal,0.0,17.0,35.2,46.5,100.0,0.5,14.5
2018-12-03,Warangal,0.0,19.3,35.8,44.7,100.0,0.0,22.3
2018-12-04,Warangal,0.0,20.0,34.8,44.4,100.0,0.0,17.9
2018-12-05,Warangal,0.0,24.4,35.7,51.3,99.9,1.1,10.8
2018-12-06,Warangal,0.0,22.9,34.6,64.0,100.0,0.0,16.7
2018-12-07,Warangal,1.8,24.7,34.8,64.7,100.0,0.9,21.8
2018-12-08,Warangal,0.0,24.4,34.6,73.3,100.0,0.0,15.1
2018-12-09,Warangal,0.0,22.9,34.8,64.9,100.0,0.0,19.6
2018-12-10,Warangal,0.0,23.4,34.6,68.1,100.0,1.4,20.4
2018-12-11,Warangal,0.0,23.3,35.5,68.1,100.0,5.2,27.0
2018-12-12,Warangal,0.0,21.1,32.2,71.2,100.0,0.3,24.6
2018-12-13,Warangal,0.0,24.4,34.6,63.0,100.0,1.5,23.6
2018-12-14,Warangal,22.8,22.6,32.8,63.5,100.0,2.2,15.0
2018-12-15,Warangal,7.8,21.9,29.5,96.2,100.0,0.2,17.7
2018-12-16,Warangal,0.0,21.9,33.1,47.9,100.0,8.0,24.6
2018-12-17,Warangal,21.0,19.7,27.3,59.7,100.0,10.2,26.0
2018-12-18,Warangal,40.0,17.8,21.9,98.4,100.0,14.5,32.5
2018-12-19,Warangal,0.0,17.0,24.5,94.3,100.0,6.5,23.8
2018-12-20,Warangal,0.0,19.3,32.1,82.5,100.0,0.1,19.9
2018-12-21,Warangal,0.0,20.0,32.7,76.7,100.0,0.4,16.5
2018-12-22,Warangal,0.0,20.1,35.4,61.1,100.0,0.2,18.9
2018-12-23,Warangal,0.0,18.4,33.7,68.0,100.0,0.1,15.3
2018-12-24,Warangal,0.0,19.3,34.6,62.6,100.0,0.0,15.0
2018-12-25,Warangal,0.0,18.7,33.3,59.7,100.0,0.0,16.0
2018-12-26,Warangal,0.0,19.3,35.4,50.0,100.0,0.0,15.2
2018-12-27,Warangal,0.0,22.9,33.0,83.2,100.0,3.4,19.2
2018-12-28,Warangal,0.0,17.5,32.2,85.2,100.0,0.0,22.8
2018-12-29,Warangal,0.0,14.9,30.5,35.1,95.1,4.6,23.1
2018-12-30,Warangal,0.0,16.7,32.1,39.8,100.0,0.0,17.8
2018-12-31,Warangal,0.0,14.9,33.1,41.5,100.0,0.0,15.0
2019-01-01,Warangal,0.0,12.8,32.8,37.3,100.0,0.0,16.4
2019-01-02,Warangal,0.0,14.4,32.9,26.3,100.0,0.0,18.9
2019-01-03,Warangal,0.0,15.1,34.6,35.6,100.0,0.0,13.1
2019-01-04,Warangal,0.0,15.0,35.4,39.7,100.0,0.0,20.6
2019-01-05,Warangal,0.0,19.3,34.8,51.9,100.0,0.0,20.3
2019-01-06,Warangal,0.0,19.0,34.1,50.9,100.0,0.0,16.4
2019-01-07,Warangal,0.0,19.6,32.9,58.5,100.0,0.0,19.7
2019-01-08,Warangal,0.0,19.5,33.0,56.9,100.0,1.6,17.7
2019-01-09,Warangal,0.0,16.2,32.9,45.9,100.0,0.0,25.4
2019-01-10,Warangal,0.0,14.6,33.1,25.1,100.0,0.0,23.8
2019-01-11,Warangal,0.0,17.5,34.6,46.9,100.0,0.0,20.7
2019-01-12,Warangal,0.0,20.4,34.6,55.5,100.0,0.0,16.6
2019-01-13,Warangal,0.0,21.2,32.9,69.0,100.0,0.9,30.0
2019-01-14,Warangal,0.0,18.9,34.6,58.3,100.0,0.0,23.4
2019-01-15,Warangal,0.0,20.1,35.5,48.5,100.0,0.0,21.3
2019-01-16,Warangal,0.0,17.9,33.2,54.4,100.0,0.0,25.1
2019-01-17,Warangal,0.0,16.7,34.6,36.4,100.0,0.0,19.4
2019-01-18,Warangal,0.0,19.3,34.6,52.7,100.0,0.0,19.9
2019-01-19,Warangal,0.0,19.3,34.6,48.5,100.0,0.0,16.4
2019-01-20,Warangal,0.0,16.7,34.6,47.1,100.0,0.0,17.7
2019-01-21,Warangal,0.0,17.4,34.6,36.5,100.0,0.0,23.1
2019-01-22,Warangal,0.0,19.3,35.5,48.9,100.0,2.9,19.8
2019-01-23,Warangal,0.0,20.8,34.6,49.9,100.0,6.5,28.6
2019-01-24,Warangal,0.0,21.5,34.6,55.0,100.0,0.0,26.3
2019-01-25,Warangal,0.0,22.8,34.6,65.8,100.0,2.3,17.9
2019-01-26,Warangal,0.0,23.2,33.0,70.3,100.0,4.1,31.0
2019-01-27,Warangal,51.0,20.7,32.1,78.9,100.0,2.3,22.6
2019-01-28,Warangal,16.8,19.9,26.9,99.3,100.0,4.8,24.5
2019-01-29,Warangal,0.0,16.7,27.0,94.4,100.0,0.5,23.6
2019-01-30,Warangal,0.0,15.0,29.5,46.6,100.0,2.2,29.5
2019-01-31,Warangal,0.0,16.7,32.1,39.1,100.0,0.0,25.4
2019-02-01,Warangal,0.0,20.0,32.6,52.8,100.0,0.0,20.4
2019-02-02,Warangal,0.0,19.3,34.8,46.5,100.0,0.0,18.1
2019-02-03,Warangal,0.0,19.6,34.6,48.6,100.0,0.0,18.1
2019-02-04,Warangal,0.0,20.4,35.8,46.8,100.0,0.0,15.9
2019-02-05,Warangal,0.0,19.0,35.4,39.6,100.0,0.0,14.6
2019-02-06,Warangal,0.0,19.6,36.7,45.0,100.0,0.0,14.3
2019-02-07,Warangal,0.0,21.8,35.4,48.9,100.0,2.3,21.6
2019-02-08,Warangal,0.0,24.4,35.0,50.6,100.0,12.4,33.9
2019-02-09,Warangal,0.0,21.8,34.6,69.9,100.0,0.0,25.6
2019-02-10,Warangal,0.0,17.6,32.1,38.5,77.5,4.8,32.5
2019-02-11,Warangal,0.0,21.3,34.6,39.1,99.9,0.2,25.3
2019-02-12,Warangal,0.0,22.5,35.8,60.2,100.0,0.0,25.5
2019-02-13,Warangal,0.0,23.3,35.4,58.1,100.0,0.0,16.7
2019-02-14,Warangal,0.0,22.1,36.1,43.0,100.0,0.3,19.2
2019-02-15,Warangal,0.0,21.2,36.8,41.8,100.0,4.3,16.6
2019-02-16,Warangal,0.0,23.9,36.3,44.9,100.0,3.1,32.3
2019-02-17,Warangal,0.0,23.2,36.8,53.5,100.0,2.2,18.2
2019-02-18,Warangal,0.0,22.9,36.8,62.6,100.0,0.0,23.9
2019-02-19,Warangal,0.0,24.4,36.8,43.0,100.0,0.1,18.9
2019-02-20,Warangal,0.0,26.9,37.3,61.1,100.0,7.3,20.6
2019-02-21,Warangal,0.0,24.4,36.8,50.8,100.0,2.8,23.1
2019-02-22,Warangal,0.0,24.0,37.6,41.3,100.0,1.1,19.9
2019-02-23,Warangal,0.0,24.2,38.0,35.4,99.9,0.0,18.9
2019-02-24,Warangal,0.0,22.2,38.8,39.7,100.0,0.1,15.6
2019-02-25,Warangal,0.0,24.4,39.1,31.4,93.2,3.9,29.7
2019-02-26,Warangal,0.0,22.0,38.8,31.4,100.0,0.4,34.9
2019-02-27,Warangal,0.0,23.3,37.5,50.1,100.0,0.8,19.7
2019-02-28,Warangal,13.0,22.2,35.7,59.3,100.0,0.1,22.0
2019-03-01,Warangal,1.0,20.6,35.3,47.1,100.0,0.0,19.9
2019-03-02,Warangal,0.0,23.9,36.8,66.8,100.0,0.4,16.8
2019-03-03,Warangal,0.0,24.6,35.3,56.4,100.0,4.2,22.0
2019-03-04,Warangal,0.0,24.3,37.3,55.3,100.0,4.6,22.7
2019-03-05,Warangal,0.0,24.5,37.9,50.6,100.0,2.1,36.2
2019-03-06,Warangal,0.0,21.4,37.8,41.4,100.0,0.0,18.8
2019-03-07,Warangal,0.0,21.4,37.3,27.1,99.9,1.0,21.0
2019-03-08,Warangal,0.0,23.5,38.0,35.0,100.0,0.0,19.1
2019-03-09,Warangal,0.0,24.0,37.9,36.0,100.0,0.3,19.2
2019-03-10,Warangal,0.0,24.8,37.9,47.5,100.0,2.6,23.3
2019-03-11,Warangal,0.0,24.8,38.9,43.3,100.0,3.0,25.3
2019-03-12,Warangal,0.0,24.6,37.9,41.0,99.9,3.0,25.8
2019-03-13,Warangal,0.0,23.4,38.9,42.1,100.0,2.2,18.8
2019-03-14,Warangal,0.0,23.0,38.8,29.3,99.9,5.2,33.0
2019-03-15,Warangal,0.0,24.8,39.4,25.6,76.8,2.7,29.3
2019-03-16,Warangal,0.0,23.9,39.9,26.2,97.2,1.8,60.5
2019-03-17,Warangal,0.0,23.3,38.0,32.7,100.0,5.4,22.4
2019-03-18,Warangal,0.0,22.4,38.0,37.1,100.0,3.4,27.8
2019-03-19,Warangal,0.0,23.9,35.9,43.4,99.9,7.1,26.7
2019-03-20,Warangal,0.0,25.3,37.9,47.1,99.9,3.6,28.5
2019-03-21,Warangal,0.0,24.4,37.5,47.2,99.9,3.3,37.9
2019-03-22,Warangal,0.0,24.1,37.5,41.0,100.0,11.6,27.9
2019-03-23,Warangal,0.0,24.8,37.8,47.0,99.9,2.4,23.1
2019-03-24,Warangal,0.0,25.4,39.8,43.9,99.9,2.7,17.9
2019-03-25,Warangal,0.0,24.9,39.9,38.8,100.0,0.1,17.5
2019-03-26,Warangal,0.0,25.1,39.8,40.2,100.0,0.3,18.9
2019-03-27,Warangal,0.0,24.9,40.0,35.6,99.9,2.6,21.5
2019-03-28,Warangal,0.0,24.8,40.5,31.2,99.9,2.5,23.8
2019-03-29,Warangal,0.0,24.9,41.0,28.8,100.0,0.0,19.2
2019-03-30,Warangal,0.0,24.9,41.1,43.7,100.0,1.2,21.3
2019-03-31,Warangal,0.0,25.2,41.8,39.9,100.0,5.2,24.0
2019-04-01,Warangal,0.0,26.7,42.3,25.8,99.9,1.9,26.7
2019-04-02,Warangal,0.0,25.3,41.7,35.0,100.0,5.2,24.7
2019-04-03,Warangal,0.0,25.0,40.3,27.4,100.0,4.5,24.2
2019-04-04,Warangal,0.0,25.1,39.7,42.4,100.0,5.0,23.3
2019-04-05,Warangal,0.0,26.0,39.8,38.6,100.0,2.4,27.2
2019-04-06,Warangal,0.0,26.5,40.3,29.8,99.9,0.1,18.2
2019-04-07,Warangal,0.0,25.4,42.4,26.6,99.9,0.2,23.4
2019-04-08,Warangal,6.8,26.0,42.3,32.2,100.0,3.6,39.6
2019-04-09,Warangal,0.0,26.7,40.1,33.8,100.0,5.0,24.2
2019-04-10,Warangal,0.0,27.0,40.4,44.6,99.9,3.4,28.9
2019-04-11,Warangal,0.0,26.5,42.1,35.8,99.9,2.3,23.4
2019-04-12,Warangal,0.0,26.9,44.0,20.5,100.0,1.3,19.8
2019-04-13,Warangal,33.3,24.1,43.3,31.4,100.0,2.8,28.8
2019-04-14,Warangal,0.0,26.5,42.6,31.2,91.5,0.5,18.9
2019-04-15,Warangal,0.0,27.1,42.6,28.7,97.6,3.0,25.4
2019-04-16,Warangal,0.0,25.5,42.4,25.8,76.4,2.2,23.0
2019-04-17,Warangal,0.0,24.9,42.3,22.4,91.6,3.6,22.3
2019-04-18,Warangal,3.8,27.1,41.4,33.3,99.9,0.7,26.8
2019-04-19,Warangal,28.8,27.5,40.2,44.2,100.0,2.2,40.8
2019-04-20,Warangal,22.5,25.2,40.0,47.5,100.0,1.9,25.5
2019-04-21,Warangal,15.0,27.2,40.5,50.8,100.0,2.9,45.3
2019-04-22,Warangal,39.0,27.5,41.7,44.6,100.0,1.7,29.1
2019-04-23,Warangal,15.8,25.7,40.0,34.1,89.8,1.0,28.6
2019-04-24,Warangal,2.3,24.9,41.7,34.0,87.2,2.2,25.2
2019-04-25,Warangal,0.0,28.4,42.1,31.4,92.6,1.9,23.6
2019-04-26,Warangal,0.0,27.5,44.5,28.6,84.1,0.2,15.6
2019-04-27,Warangal,0.0,28.2,44.0,31.7,90.8,2.3,23.9
2019-04-28,Warangal,0.0,27.8,44.4,24.5,93.8,2.8,24.1
2019-04-29,Warangal,0.0,27.5,42.4,29.5,94.2,6.4,23.0
2019-04-30,Warangal,0.0,28.0,44.8,29.5,85.7,4.5,29.0
2019-05-01,Warangal,0.0,30.3,43.8,31.5,86.5,3.4,21.0
2019-05-02,Warangal,0.0,30.2,43.3,34.5,76.4,0.2,20.1
2019-05-03,Warangal,0.0,30.1,44.7,23.5,65.9,0.0,36.8
2019-05-04,Warangal,0.0,31.3,41.3,20.8,61.1,0.0,20.1
2019-05-05,Warangal,0.0,30.9,44.9,23.4,58.3,0.0,29.6
2019-05-06,Warangal,0.0,30.1,44.6,17.3,58.5,0.0,28.3
2019-05-07,Warangal,0.0,31.3,45.0,16.1,81.5,0.0,31.7
2019-05-08,Warangal,0.0,30.1,45.8,23.5,81.0,1.8,22.0
2019-05-09,Warangal,0.0,29.7,44.1,23.0,66.1,0.1,24.3
2019-05-10,Warangal,0.0,29.7,45.8,15.0,73.8,0.0,39.0
2019-05-11,Warangal,0.0,30.7,44.6,24.4,71.1,1.8,32.4
2019-05-12,Warangal,13.0,27.5,42.7,36.7,82.2,2.4,47.0
2019-05-13,Warangal,0.5,30.1,41.6,39.2,91.7,3.3,22.7
2019-05-14,Warangal,15.3,30.1,43.9,33.7,94.1,2.2,27.8
2019-05-15,Warangal,1.8,30.1,42.4,40.0,95.0,0.5,24.6
2019-05-16,Warangal,14.5,28.9,42.7,46.1,90.9,3.0,26.2
2019-05-17,Warangal,0.0,30.1,43.9,33.9,87.3,1.9,36.9
2019-05-18,Warangal,0.0,30.1,43.0,35.2,90.8,1.4,25.7
2019-05-19,Warangal,0.0,30.3,44.4,26.1,90.8,0.0,23.3
2019-05-20,Warangal,7.5,30.1,44.6,31.7,94.1,0.9,31.8
2019-05-21,Warangal,0.0,29.1,44.8,31.7,88.3,2.8,23.9
2019-05-22,Warangal,0.0,30.1,44.2,33.5,85.0,8.1,29.1
2019-05-23,Warangal,0.0,30.1,43.9,32.9,84.3,4.3,27.8
2019-05-24,Warangal,0.0,30.8,43.9,40.3,84.9,7.2,28.1
2019-05-25,Warangal,0.0,31.2,44.2,34.9,84.3,2.8,24.3
2019-05-26,Warangal,0.0,31.8,46.1,40.5,84.3,1.5,23.8
2019-05-27,Warangal,2.8,32.6,46.9,26.7,81.7,2.6,26.8
2019-05-28,Warangal,0.0,31.3,46.5,23.5,84.3,3.6,29.3
2019-05-29,Warangal,0.0,32.6,46.3,31.7,81.8,3.8,34.5
2019-05-30,Warangal,0.0,29.0,44.9,38.5,73.3,3.2,41.0
2019-05-31,Warangal,7.8,30.1,43.2,56.4,91.5,4.2,31.0
2019-06-01,Warangal,0.5,30.1,42.6,40.5,89.2,3.7,25.1
2019-06-02,Warangal,0.0,30.2,39.4,43.2,89.3,0.0,26.7
2019-06-03,Warangal,6.5,32.4,44.9,33.5,84.6,4.8,33.9
2019-06-04,Warangal,0.3,29.1,42.6,41.6,81.3,10.2,33.7
2019-06-05,Warangal,0.5,32.0,42.3,40.9,84.1,2.0,21.3
2019-06-06,Warangal,0.0,32.6,45.1,37.6,78.3,1.9,31.6
2019-06-07,Warangal,0.5,30.0,43.7,42.1,73.1,4.0,30.3
2019-06-08,Warangal,41.8,27.5,41.9,33.8,100.0,2.0,43.9
2019-06-09,Warangal,0.0,30.2,42.0,44.6,100.0,4.8,19.5
2019-06-10,Warangal,0.0,32.6,44.4,35.2,71.3,8.8,17.2
2019-06-11,Warangal,0.0,30.1,42.4,42.1,84.9,6.3,26.1
2019-06-12,Warangal,0.0,32.2,42.4,36.0,65.5,9.6,27.3
2019-06-13,Warangal,0.0,30.7,44.3,36.0,64.4,5.7,44.3
2019-06-14,Warangal,0.0,32.5,42.3,36.8,63.1,8.0,32.2
2019-06-15,Warangal,0.0,32.6,42.2,44.0,63.1,6.6,23.6
2019-06-16,Warangal,0.0,32.9,42.4,29.7,57.3,4.2,31.1
2019-06-17,Warangal,0.0,32.6,41.7,33.6,65.5,2.2,32.9
2019-06-18,Warangal,6.1,30.1,37.9,47.8,98.8,0.9,39.6
2019-06-19,Warangal,0.2,32.6,41.1,38.5,65.4,5.9,31.5
2019-06-20,Warangal,1.3,32.6,42.4,35.5,70.6,3.0,30.7
2019-06-21,Warangal,67.3,25.4,39.9,47.5,100.0,0.1,47.9
2019-06-22,Warangal,0.8,27.5,35.8,80.6,100.0,0.2,16.4
2019-06-23,Warangal,62.8,27.4,35.9,78.2,100.0,0.1,27.6
2019-06-24,Warangal,10.5,27.5,33.1,89.2,100.0,1.5,15.3
2019-06-25,Warangal,12.1,27.9,38.0,51.8,98.7,3.3,23.8
2019-06-26,Warangal,2.5,28.8,38.5,49.3,96.1,2.0,24.4
2019-06-27,Warangal,27.8,30.1,38.9,51.8,99.9,2.3,19.2
2019-06-28,Warangal,17.5,30.1,39.3,51.3,100.0,0.1,28.4
2019-06-29,Warangal,0.9,27.6,36.2,58.0,92.5,1.1,27.3
2019-06-30,Warangal,42.8,25.0,33.4,70.9,100.0,2.6,31.1
2019-07-01,Warangal,23.4,25.1,32.6,86.7,100.0,0.4,34.7
2019-07-02,Warangal,31.1,26.0,32.6,91.6,100.0,0.2,26.7
2019-07-03,Warangal,31.4,25.8,32.7,88.2,100.0,3.9,25.2
2019-07-04,Warangal,15.4,27.5,33.3,82.9,100.0,0.3,27.0
2019-07-05,Warangal,2.1,28.4,36.4,63.1,93.1,2.8,34.5
2019-07-06,Warangal,13.5,26.1,33.3,73.6,100.0,1.6,40.7
2019-07-07,Warangal,0.3,27.8,34.7,69.6,95.8,2.6,31.7
2019-07-08,Warangal,36.6,25.2,37.6,58.0,100.0,1.8,40.2
2019-07-09,Warangal,30.5,25.9,37.8,63.4,100.0,1.9,30.1
2019-07-10,Warangal,26.8,26.7,35.8,80.0,100.0,0.0,26.5
2019-07-11,Warangal,7.3,27.8,37.2,64.0,100.0,1.0,25.8
2019-07-12,Warangal,39.0,26.3,37.9,62.7,100.0,0.6,20.3
2019-07-13,Warangal,6.9,27.9,37.6,58.5,100.0,0.1,20.3
2019-07-14,Warangal,14.5,27.5,37.7,61.3,100.0,0.3,26.9
2019-07-15,Warangal,0.3,27.0,37.3,59.2,100.0,0.0,26.2
2019-07-16,Warangal,0.8,27.1,38.0,54.6,100.0,2.2,24.3
2019-07-17,Warangal,0.5,28.5,38.1,51.0,91.9,0.0,32.0
2019-07-18,Warangal,0.0,29.6,38.0,55.4,85.4,0.0,28.7
2019-07-19,Warangal,33.9,27.5,38.1,51.5,100.0,0.0,36.1
2019-07-20,Warangal,84.2,25.8,37.8,58.9,100.0,0.0,25.6
2019-07-21,Warangal,39.9,26.7,35.2,87.2,100.0,0.3,24.6
2019-07-22,Warangal,14.0,27.5,37.8,77.4,100.0,4.4,23.5
2019-07-23,Warangal,6.0,27.5,37.8,63.7,100.0,2.6,20.6
2019-07-24,Warangal,12.1,27.5,37.8,63.6,100.0,5.1,17.1
2019-07-25,Warangal,3.7,29.3,37.9,58.2,88.8,2.6,19.3
2019-07-26,Warangal,68.4,25.2,37.8,65.0,100.0,0.7,19.8
2019-07-27,Warangal,34.8,24.9,30.1,99.1,100.0,0.9,28.0
2019-07-28,Warangal,49.5,24.9,30.7,97.0,100.0,0.2,23.1
2019-07-29,Warangal,59.9,24.9,28.9,95.3,100.0,2.7,23.4
2019-07-30,Warangal,39.0,25.2,29.6,99.2,100.0,8.4,22.1
2019-07-31,Warangal,3.6,25.6,32.9,92.6,100.0,3.4,32.3
2019-08-01,Warangal,18.2,25.6,35.4,71.9,100.0,3.4,25.8
2019-08-02,Warangal,120.8,24.9,33.0,93.5,100.0,0.6,23.8
2019-08-03,Warangal,76.5,24.9,28.1,99.7,100.0,5.9,34.1
2019-08-04,Warangal,7.4,24.9,30.7,92.8,100.0,6.8,28.4
2019-08-05,Warangal,2.8,26.7,33.0,98.9,100.0,5.0,22.7
2019-08-06,Warangal,25.6,24.9,34.7,94.9,100.0,3.9,26.1
2019-08-07,Warangal,96.1,24.9,29.6,99.9,100.0,3.1,22.2
2019-08-08,Warangal,38.6,24.9,29.7,99.7,100.0,3.9,20.0
2019-08-09,Warangal,22.3,24.9,33.0,97.5,100.0,5.0,23.9
2019-08-10,Warangal,0.0,27.3,35.2,89.8,100.0,3.1,33.4
2019-08-11,Warangal,0.2,27.5,35.3,82.9,100.0,0.0,21.3
2019-08-12,Warangal,16.9,26.4,35.2,77.2,100.0,0.2,26.1
2019-08-13,Warangal,6.6,27.5,35.3,82.5,100.0,2.1,26.6
2019-08-14,Warangal,2.5,27.0,33.0,89.4,100.0,0.0,26.2
2019-08-15,Warangal,6.1,27.5,35.2,90.4,100.0,0.0,23.3
2019-08-16,Warangal,0.3,27.5,35.2,77.9,100.0,1.7,14.6
2019-08-17,Warangal,0.2,27.5,36.2,80.1,100.0,0.0,20.2
2019-08-18,Warangal,0.8,27.5,35.8,82.9,100.0,0.0,21.1
2019-08-19,Warangal,67.5,25.1,32.4,98.9,100.0,0.0,23.3
2019-08-20,Warangal,27.8,27.2,35.9,99.4,100.0,1.0,15.1
2019-08-21,Warangal,39.2,27.5,35.5,95.6,100.0,0.0,21.0
2019-08-22,Warangal,22.8,25.3,36.0,92.1,100.0,0.0,45.5
2019-08-23,Warangal,50.3,24.9,35.9,93.9,100.0,0.0,26.8
2019-08-24,Warangal,18.6,27.2,31.7,98.2,100.0,3.7,23.4
2019-08-25,Warangal,7.8,27.5,35.9,86.5,100.0,4.8,18.4
2019-08-26,Warangal,8.3,27.7,35.2,87.2,100.0,3.4,19.8
2019-08-27,Warangal,7.3,26.9,35.8,92.4,100.0,0.1,18.9
2019-08-28,Warangal,0.3,26.9,36.4,64.0,100.0,0.0,22.2
2019-08-29,Warangal,0.2,27.5,36.4,66.1,100.0,0.0,19.4
2019-08-30,Warangal,33.3,29.0,36.5,68.7,100.0,2.6,15.4
2019-08-31,Warangal,66.8,25.9,36.1,89.5,100.0,0.8,34.7
2019-09-01,Warangal,131.3,25.4,36.0,91.8,100.0,0.7,22.3
2019-09-02,Warangal,76.3,24.7,34.4,94.3,100.0,4.2,18.8
2019-09-03,Warangal,29.1,26.2,32.9,95.7,100.0,0.0,15.0
2019-09-04,Warangal,9.3,27.5,33.6,97.0,100.0,4.3,15.4
2019-09-05,Warangal,26.8,24.3,35.5,95.8,100.0,2.0,25.9
2019-09-06,Warangal,8.8,27.0,36.8,92.1,100.0,0.1,17.1
2019-09-07,Warangal,5.5,27.2,33.0,93.4,100.0,1.9,17.1
2019-09-08,Warangal,6.0,27.9,34.6,95.7,100.0,1.7,21.8
2019-09-09,Warangal,37.8,26.6,35.8,92.8,100.0,0.0,22.7
2019-09-11,Warangal,8.6,27.5,36.4,86.9,100.0,2.3,24.9
2019-09-12,Warangal,11.8,25.9,35.8,84.7,100.0,1.8,20.7
2019-09-13,Warangal,1.6,27.0,33.1,97.6,100.0,0.0,25.2
2019-09-14,Warangal,9.1,28.0,36.0,93.0,100.0,1.0,18.4
2019-09-15,Warangal,32.7,25.4,36.7,86.9,100.0,0.0,16.2
2019-09-16,Warangal,22.0,27.5,36.6,92.0,100.0,0.0,16.9
2019-09-17,Warangal,31.0,27.5,35.9,97.8,100.0,0.0,21.5
2019-09-18,Warangal,49.8,24.9,36.2,95.8,100.0,0.0,23.3
2019-09-19,Warangal,40.2,25.0,35.6,95.8,100.0,0.0,21.2
2019-09-20,Warangal,18.5,25.4,36.7,93.5,100.0,0.0,16.9
2019-09-21,Warangal,51.8,25.5,36.1,97.1,100.0,0.0,14.6
2019-09-22,Warangal,40.8,25.4,36.6,88.7,100.0,2.2,21.0
2019-09-23,Warangal,48.4,25.6,36.2,92.7,100.0,0.0,12.2
2019-09-24,Warangal,57.5,25.1,35.9,87.5,100.0,0.0,28.7
2019-09-25,Warangal,83.9,24.95,35.4,92.1,100.0,0.0,17.7
2019-09-26,Warangal,19.3,25.1,34.4,96.6,100.0,4.3,26.2
2019-09-27,Warangal,25.8,24.9,30.7,96.7,100.0,3.1,24.4
2019-09-28,Warangal,7.7,24.9,33.9,97.1,100.0,0.1,19.8
2019-09-29,Warangal,1.2,25.2,35.5,95.7,100.0,0.2,21.7
2019-09-30,Warangal,70.1,24.8,35.9,95.6,100.0,0.0,25.0
2019-10-01,Warangal,40.5,24.9,34.9,98.0,100.0,0.0,21.6
2019-10-02,Warangal,42.8,24.7,36.3,90.8,100.0,1.9,29.2
2019-10-03,Warangal,5.8,24.9,36.8,90.5,100.0,0.0,12.7
2019-10-04,Warangal,22.2,24.9,35.8,89.9,100.0,0.2,15.7
2019-10-05,Warangal,0.0,24.9,35.5,85.5,100.0,0.0,16.7
2019-10-06,Warangal,5.2,24.9,35.9,78.0,100.0,3.0,10.2
2019-10-07,Warangal,57.5,24.9,35.7,83.2,100.0,0.0,18.4
2019-10-08,Warangal,2.5,25.3,36.1,80.0,100.0,0.4,15.6
2019-10-09,Warangal,7.3,24.9,35.5,85.1,100.0,0.0,17.1
2019-10-10,Warangal,30.1,24.9,35.2,77.2,100.0,0.0,23.3
2019-10-11,Warangal,40.3,24.9,35.2,87.7,100.0,0.0,17.4
2019-10-12,Warangal,79.7,24.9,35.4,85.5,100.0,1.2,21.3
2019-10-13,Warangal,0.0,24.9,35.6,87.7,100.0,0.0,13.3
2019-10-14,Warangal,1.3,25.0,36.4,86.0,100.0,0.0,12.7
2019-10-15,Warangal,3.6,24.9,35.9,92.2,100.0,0.0,15.3
2019-10-16,Warangal,31.1,24.9,35.2,86.9,100.0,0.1,10.1
2019-10-17,Warangal,26.3,24.5,32.7,94.3,100.0,2.5,21.2
2019-10-18,Warangal,39.9,24.9,35.9,82.5,100.0,2.5,21.2
2019-10-19,Warangal,126.9,22.6,35.8,86.6,100.0,2.5,22.0
2019-10-20,Warangal,117.2,24.9,35.6,93.0,100.0,2.5,21.2
2019-10-21,Warangal,69.9,24.9,35.2,92.2,100.0,2.5,21.2
2019-10-22,Warangal,8.7,24.9,35.2,89.0,100.0,0.0,13.7
2019-10-23,Warangal,49.5,24.9,34.8,93.5,100.0,0.0,14.3
2019-10-24,Warangal,25.8,24.9,35.2,92.6,100.0,0.0,26.5
2019-10-25,Warangal,81.9,24.9,35.5,88.3,100.0,0.0,16.2
2019-10-26,Warangal,28.3,24.9,35.7,86.6,100.0,0.0,14.5
2019-10-27,Warangal,0.0,24.9,35.5,90.0,100.0,1.5,21.1
2019-10-28,Warangal,0.2,24.9,35.6,89.1,100.0,0.0,15.0
2019-10-29,Warangal,88.6,24.9,35.8,88.2,100.0,0.0,16.2
2019-10-30,Warangal,21.1,24.9,35.2,94.3,100.0,0.0,15.3
2019-10-31,Warangal,46.1,24.9,33.1,95.7,100.0,0.0,18.1
2019-11-01,Warangal,18.0,24.9,33.5,91.5,100.0,0.0,20.9
2019-11-02,Warangal,5.9,24.9,35.8,84.8,100.0,0.0,18.7
2019-11-03,Warangal,60.3,24.9,35.8,86.8,100.0,0.0,20.7
2019-11-04,Warangal,6.8,24.9,35.2,87.0,100.0,0.0,13.2
2019-11-05,Warangal,0.6,23.0,35.8,70.9,100.0,0.4,16.7
2019-11-06,Warangal,0.0,24.9,35.7,77.0,100.0,0.0,16.4
2019-11-07,Warangal,0.0,22.4,34.8,71.4,100.0,0.0,18.2
2019-11-08,Warangal,0.2,22.4,35.6,65.3,100.0,0.0,14.7
2019-11-09,Warangal,0.0,22.4,35.4,70.6,100.0,0.2,18.1
2019-11-10,Warangal,0.0,21.8,33.8,62.6,100.0,0.0,19.5
2019-11-11,Warangal,0.0,22.4,33.3,65.5,100.0,0.3,21.5
2019-11-12,Warangal,0.0,22.4,35.5,63.1,100.0,0.4,13.8
2019-11-13,Warangal,0.0,21.8,33.2,62.6,100.0,0.0,16.8
2019-11-14,Warangal,0.0,21.8,33.2,65.2,100.0,0.0,10.5
2019-11-15,Warangal,0.0,22.4,33.2,65.9,100.0,0.0,8.6
2019-11-16,Warangal,0.0,21.9,35.2,61.6,100.0,0.0,10.4
2019-11-17,Warangal,0.0,22.4,35.4,64.2,100.0,1.9,14.5
2019-11-18,Warangal,0.0,22.1,33.6,64.5,100.0,1.3,13.0
2019-11-19,Warangal,0.0,22.4,34.8,62.0,100.0,0.0,12.5
2019-11-20,Warangal,0.0,22.4,35.5,63.3,100.0,0.1,11.4
2019-11-21,Warangal,0.0,22.4,35.4,62.9,100.0,0.0,11.2
2019-11-22,Warangal,0.0,22.4,33.2,63.1,100.0,0.0,11.6
2019-11-23,Warangal,0.0,21.8,35.6,62.7,100.0,0.0,13.6
2019-11-24,Warangal,0.0,21.8,35.1,62.6,100.0,0.7,9.5
2019-11-25,Warangal,0.0,21.8,32.6,59.0,100.0,0.0,15.2
2019-11-26,Warangal,0.0,22.3,34.8,62.7,100.0,0.0,18.9
2019-11-27,Warangal,0.0,21.8,33.3,63.3,100.0,0.1,15.2
2019-11-28,Warangal,0.0,21.6,33.3,61.6,100.0,0.0,8.2
2019-11-29,Warangal,0.0,22.4,33.3,63.9,100.0,0.0,11.2
2019-11-30,Warangal,0.0,22.4,35.3,63.1,100.0,0.0,14.7
2019-12-01,Warangal,0.0,24.0,35.2,63.1,100.0,0.0,13.5
2019-12-02,Warangal,0.0,24.9,34.9,70.9,100.0,0.0,10.7
2019-12-03,Warangal,36.8,24.6,30.1,93.9,100.0,0.5,21.0
2019-12-04,Warangal,0.0,22.4,32.7,91.2,100.0,0.3,8.6
2019-12-05,Warangal,0.0,21.8,32.7,93.1,100.0,0.0,15.2
2019-12-06,Warangal,0.0,20.5,33.2,86.5,100.0,0.0,11.3
2019-12-07,Warangal,0.0,20.5,32.6,88.3,100.0,0.0,12.8
2019-12-08,Warangal,0.0,21.8,32.9,91.6,100.0,0.0,10.2
2019-12-09,Warangal,0.0,21.85,33.3,88.8,100.0,0.1,12.5
2019-12-10,Warangal,0.0,21.8,33.3,92.5,100.0,0.0,14.4
2019-12-11,Warangal,0.0,21.8,33.6,98.0,100.0,0.0,14.9
2019-12-12,Warangal,0.0,21.8,33.2,55.0,100.0,0.0,9.9
2019-12-13,Warangal,0.0,21.8,33.2,54.6,100.0,0.3,22.9
2019-12-14,Warangal,0.0,22.4,33.1,62.8,100.0,0.0,18.0
2019-12-15,Warangal,0.0,22.35,35.0,57.8,100.0,0.0,14.9
2019-12-16,Warangal,0.0,22.2,33.55,54.6,100.0,0.0,20.2
2019-12-17,Warangal,0.0,21.8,33.3,52.2,100.0,0.0,10.5
2019-12-18,Warangal,0.0,21.8,32.6,62.6,100.0,0.1,12.2
2019-12-19,Warangal,0.0,21.8,32.8,62.3,100.0,0.0,14.5
2019-12-20,Warangal,0.0,20.0,32.6,58.0,100.0,0.1,10.0
2019-12-21,Warangal,0.0,21.8,32.8,56.1,100.0,0.0,16.6
2019-12-22,Warangal,0.0,21.8,32.9,57.15,100.0,0.0,15.6
2019-12-23,Warangal,0.0,21.5,33.3,55.5,100.0,0.0,22.9
2019-12-24,Warangal,0.0,21.8,32.2,64.7,100.0,0.0,15.4
2019-12-25,Warangal,0.0,22.2,32.6,54.6,100.0,0.5,17.0
2019-12-26,Warangal,0.0,22.9,33.2,54.8,100.0,0.0,22.7
2019-12-27,Warangal,0.0,22.4,30.6,75.2,100.0,0.0,27.5
2019-12-28,Warangal,0.0,21.8,32.6,71.8,100.0,1.5,22.4
2019-12-29,Warangal,0.0,19.3,30.6,58.1,99.9,0.2,15.9
2019-12-30,Warangal,0.0,19.3,30.1,50.05,100.0,0.2,9.6
2019-12-31,Warangal,0.0,21.8,30.7,57.35,100.0,0.0,20.6
2020-01-01,Warangal,0.0,22.8,30.1,77.7,100.0,0.0,21.5
2020-01-02,Warangal,0.8,23.0,32.5,70.4,100.0,0.0,21.3
2020-01-03,Warangal,0.0,23.4,31.0,79.0,100.0,0.0,20.1
2020-01-04,Warangal,1.8,22.4,28.7,90.7,100.0,0.0,23.2
2020-01-05,Warangal,0.0,21.5,27.5,96.8,100.0,0.0,17.4
2020-01-06,Warangal,0.0,20.8,30.6,58.0,100.0,0.0,25.5
2020-01-07,Warangal,0.0,24.1,32.9,60.2,100.0,0.0,14.8
2020-01-08,Warangal,0.0,22.8,32.4,73.1,100.0,0.0,22.7
2020-01-09,Warangal,0.0,22.4,30.5,76.5,100.0,0.0,27.7
2020-01-10,Warangal,0.0,22.3,32.5,83.7,100.0,0.0,26.5
2020-01-11,Warangal,0.0,21.8,30.4,70.4,100.0,0.0,17.8
2020-01-12,Warangal,0.0,17.4,32.5,56.5,100.0,0.0,20.7
2020-01-13,Warangal,0.0,16.7,31.4,40.2,100.0,0.0,16.9
2020-01-14,Warangal,0.0,19.3,33.3,44.2,100.0,0.0,14.6
2020-01-15,Warangal,0.0,21.8,33.1,58.3,100.0,0.0,19.0
2020-01-16,Warangal,0.0,21.8,33.1,55.9,100.0,0.0,20.9
2020-01-17,Warangal,0.0,22.4,32.7,56.3,100.0,0.0,21.7
2020-01-18,Warangal,0.0,23.7,33.2,58.9,100.0,0.0,26.1
2020-01-19,Warangal,0.0,22.4,33.3,73.3,100.0,0.0,25.5
2020-01-20,Warangal,0.0,22.4,33.0,62.7,100.0,0.0,23.7
2020-01-21,Warangal,0.0,22.3,33.3,62.8,100.0,0.0,14.8
2020-01-22,Warangal,0.0,23.4,33.3,60.3,100.0,0.0,26.5
2020-01-23,Warangal,0.0,22.4,33.3,55.4,100.0,0.0,23.3
2020-01-24,Warangal,0.0,21.8,33.8,52.7,100.0,0.0,17.0
2020-01-25,Warangal,0.0,21.8,33.5,55.0,100.0,0.0,14.7
2020-01-26,Warangal,0.0,21.8,34.9,46.8,100.0,0.0,11.3
2020-01-27,Warangal,0.0,20.1,34.8,49.4,100.0,0.0,14.1
2020-01-28,Warangal,0.0,23.2,35.9,42.4,100.0,0.0,25.1
2020-01-29,Warangal,0.0,24.6,34.8,55.0,100.0,0.0,31.3
2020-01-30,Warangal,0.0,24.4,33.4,63.8,100.0,0.0,32.0
2020-01-31,Warangal,0.0,22.3,32.3,74.2,100.0,0.0,20.8
2020-02-01,Warangal,0.0,24.1,33.3,67.1,100.0,0.0,14.6
2020-02-02,Warangal,0.0,24.6,33.3,78.2,100.0,0.0,29.6
2020-02-03,Warangal,0.0,24.0,32.9,56.4,100.0,0.0,23.4
2020-02-04,Warangal,0.0,23.8,33.3,63.7,100.0,0.0,24.7
2020-02-05,Warangal,0.0,22.9,34.7,68.3,100.0,0.0,34.8
2020-02-06,Warangal,0.0,22.6,35.2,58.1,100.0,0.0,32.2
2020-02-07,Warangal,0.0,24.6,35.5,55.1,100.0,0.0,25.0
2020-02-08,Warangal,0.0,24.8,33.2,68.2,100.0,0.0,37.8
2020-02-09,Warangal,39.2,22.0,31.2,88.2,100.0,0.0,29.2
2020-02-10,Warangal,6.5,21.8,27.1,94.7,100.0,0.0,19.8
2020-02-11,Warangal,0.8,24.2,32.4,85.9,100.0,0.0,15.4
2020-02-12,Warangal,0.0,24.7,32.6,82.7,100.0,0.0,14.7
2020-02-13,Warangal,0.0,21.8,33.7,78.7,100.0,0.0,10.5
2020-02-14,Warangal,0.0,21.8,33.3,61.8,100.0,0.0,24.2
2020-02-15,Warangal,0.0,20.6,35.8,40.3,100.0,0.0,14.3
2020-02-16,Warangal,0.0,21.8,35.2,69.8,100.0,0.0,14.6
2020-02-17,Warangal,0.0,21.5,36.6,55.5,100.0,0.0,14.3
2020-02-18,Warangal,0.0,22.2,35.7,52.4,100.0,0.0,14.4
2020-02-19,Warangal,0.0,21.2,36.4,40.0,100.0,0.0,11.1
2020-02-20,Warangal,0.0,22.4,35.6,52.9,100.0,0.0,28.3
2020-02-21,Warangal,0.0,22.5,33.3,63.1,100.0,0.0,26.1
2020-02-22,Warangal,0.0,21.6,33.3,58.2,100.0,0.0,25.8
2020-02-23,Warangal,0.0,21.8,35.0,55.0,100.0,0.0,27.9
2020-02-24,Warangal,0.0,23.6,35.1,57.7,100.0,0.0,30.0
2020-02-25,Warangal,0.0,24.7,35.3,57.8,100.0,0.0,34.6
2020-02-26,Warangal,0.0,23.0,33.2,63.3,100.0,0.0,26.2
2020-02-27,Warangal,0.0,22.4,33.9,49.2,100.0,0.0,15.0
2020-02-28,Warangal,0.0,21.0,35.5,39.2,100.0,0.0,14.3
2020-02-29,Warangal,0.0,23.3,35.6,50.9,100.0,0.0,22.1
2020-03-01,Warangal,0.0,23.3,35.7,53.5,100.0,0.0,23.4
2020-03-02,Warangal,0.3,25.0,35.3,57.8,100.0,0.0,48.3
2020-03-03,Warangal,0.0,23.9,35.2,63.1,100.0,0.0,18.5
2020-03-04,Warangal,0.0,25.1,35.9,63.6,100.0,0.0,30.1
2020-03-05,Warangal,0.0,25.2,36.3,59.6,100.0,0.0,30.5
2020-03-06,Warangal,42.5,24.9,35.2,70.9,100.0,0.0,23.4
2020-03-07,Warangal,0.4,26.4,35.2,82.7,100.0,0.0,26.2
2020-03-08,Warangal,28.0,25.7,33.3,84.3,100.0,0.0,27.2
2020-03-09,Warangal,1.3,24.9,35.7,70.9,100.0,0.0,22.9
2020-03-10,Warangal,0.5,25.2,33.9,70.9,100.0,0.0,22.0
2020-03-11,Warangal,0.0,25.3,35.8,60.2,100.0,0.0,34.1
2020-03-12,Warangal,14.2,25.9,35.8,70.4,100.0,0.0,34.1
2020-03-13,Warangal,0.0,26.1,35.5,70.5,100.0,0.0,29.7
2020-03-14,Warangal,0.0,24.1,35.8,64.1,100.0,0.0,30.4
2020-03-15,Warangal,0.0,24.6,35.4,60.7,100.0,0.0,26.5
2020-03-16,Warangal,0.0,24.9,35.8,55.4,100.0,0.0,18.5
2020-03-17,Warangal,0.0,25.4,36.8,55.6,100.0,0.0,24.0
2020-03-18,Warangal,0.0,25.0,37.8,55.4,100.0,0.0,24.5
2020-03-19,Warangal,3.3,24.9,38.0,43.1,100.0,0.0,18.3
2020-03-20,Warangal,43.5,25.1,37.8,48.0,100.0,0.0,25.5
2020-03-21,Warangal,17.3,26.2,36.8,52.0,100.0,0.0,21.7
2020-03-22,Warangal,0.0,25.9,36.0,60.0,100.0,0.0,24.3
2020-03-23,Warangal,9.3,25.6,37.7,51.9,100.0,0.0,23.2
2020-03-24,Warangal,0.0,25.2,36.0,61.9,100.0,0.0,25.8
2020-03-25,Warangal,0.0,25.9,37.9,46.0,100.0,0.0,20.6
2020-03-26,Warangal,7.1,26.3,37.8,55.6,100.0,0.0,21.0
2020-03-27,Warangal,3.0,26.4,38.0,47.9,92.4,0.0,22.3
2020-03-28,Warangal,0.0,25.9,38.5,43.2,85.4,0.0,23.0
2020-03-29,Warangal,0.0,26.8,39.0,37.3,93.2,0.0,12.7
2020-03-30,Warangal,0.0,26.0,39.6,38.2,89.1,0.0,17.1
2020-03-31,Warangal,0.0,26.5,38.3,46.9,99.2,0.0,18.5
2020-06-01,Warangal,10.0,27.2,39.6,65.1,100.0,3.5,48.4
2020-06-02,Warangal,4.5,29.6,39.3,51.6,93.6,2.3,31.1
2020-06-03,Warangal,53.0,26.0,39.8,47.8,100.0,0.2,23.6
2020-06-04,Warangal,0.3,30.2,38.4,55.5,100.0,6.8,33.9
2020-06-05,Warangal,0.0,30.2,37.8,49.4,100.0,2.7,39.7
2020-06-06,Warangal,0.3,30.2,39.6,40.0,78.7,0.3,28.1
2020-06-07,Warangal,0.0,30.4,39.7,37.8,80.0,0.4,31.7
2020-06-08,Warangal,0.2,32.7,39.8,43.5,81.7,0.1,27.2
2020-06-09,Warangal,0.0,32.7,39.3,42.9,78.3,0.9,31.9
2020-06-10,Warangal,58.3,25.1,41.2,40.8,100.0,4.0,28.8
2020-06-11,Warangal,119.3,25.0,39.0,56.6,100.0,1.0,40.9
2020-06-12,Warangal,81.8,25.0,32.9,91.2,100.0,4.7,34.4
2020-06-13,Warangal,23.8,27.6,33.3,99.1,100.0,0.4,19.6
2020-06-14,Warangal,0.0,27.6,37.4,71.2,100.0,0.3,18.9
2020-06-15,Warangal,2.4,30.2,37.7,62.3,100.0,1.0,27.3
2020-06-16,Warangal,34.7,27.6,37.8,64.0,100.0,0.3,32.7
2020-06-17,Warangal,43.9,27.5,35.9,77.0,100.0,2.5,32.5
2020-06-18,Warangal,5.6,27.6,33.4,92.2,100.0,0.4,27.3
2020-06-19,Warangal,32.3,27.2,35.9,70.5,100.0,1.5,24.1
2020-06-20,Warangal,1.2,27.6,35.9,82.6,100.0,3.6,28.6
2020-06-21,Warangal,30.0,27.6,36.2,71.9,100.0,4.6,40.1
2020-06-22,Warangal,0.8,27.7,33.4,85.6,100.0,2.0,30.5
2020-06-23,Warangal,49.3,27.9,33.3,85.2,100.0,0.3,22.9
2020-06-24,Warangal,1.4,27.6,36.9,64.1,100.0,0.0,27.8
2020-06-25,Warangal,0.4,27.6,38.9,63.1,100.0,1.1,18.7
2020-06-26,Warangal,0.3,27.6,38.0,61.2,100.0,3.7,22.2
2020-06-27,Warangal,0.0,27.6,37.6,66.0,100.0,0.2,17.4
2020-06-28,Warangal,1.4,27.6,38.5,59.9,100.0,1.5,39.1
2020-06-29,Warangal,44.2,27.6,37.9,64.6,100.0,1.2,18.5
2020-06-30,Warangal,35.0,27.3,37.8,71.5,100.0,0.0,13.9
2020-07-01,Warangal,38.6,27.6,37.9,68.35,100.0,0.0,27.3
2020-07-02,Warangal,42.0,27.6,37.5,72.9,100.0,0.0,28.3
2020-07-03,Warangal,21.8,28.6,37.8,70.4,100.0,0.1,15.7
2020-07-04,Warangal,106.3,25.0,35.9,77.1,100.0,0.0,30.8
2020-07-05,Warangal,18.4,27.6,33.3,96.1,100.0,0.8,15.3
2020-07-06,Warangal,57.2,25.0,31.5,96.0,100.0,3.1,24.2
2020-07-07,Warangal,0.3,27.6,33.2,98.6,100.0,3.4,15.4
2020-07-08,Warangal,0.0,28.8,35.8,79.85,100.0,0.1,23.0
2020-07-09,Warangal,15.3,27.6,36.4,74.9,100.0,0.0,19.5
2020-07-10,Warangal,90.6,25.0,37.0,92.7,100.0,0.2,18.5
2020-07-11,Warangal,3.3,27.4,34.3,93.8,100.0,2.0,16.2
2020-07-12,Warangal,13.8,27.4,36.7,77.05,100.0,0.8,20.7
2020-07-13,Warangal,38.3,27.6,36.5,85.4,100.0,0.0,21.1
2020-07-14,Warangal,32.3,27.6,35.3,95.0,100.0,0.1,13.3
2020-07-15,Warangal,98.0,24.95,33.1,91.8,100.0,0.0,15.5
2020-07-16,Warangal,56.0,26.2,34.7,99.7,100.0,1.2,16.4
2020-07-17,Warangal,0.8,26.6,32.7,93.0,100.0,3.3,13.9
2020-07-18,Warangal,5.6,27.6,35.2,81.45,100.0,0.9,15.1
2020-07-19,Warangal,40.6,27.6,36.8,75.75,100.0,0.3,17.3
2020-07-20,Warangal,52.6,25.6,35.8,90.5,100.0,0.6,23.2
2020-07-21,Warangal,18.3,27.6,37.3,87.9,100.0,0.7,17.8
2020-07-22,Warangal,9.9,27.6,37.5,69.2,100.0,0.4,20.1
2020-07-23,Warangal,67.8,24.9,37.8,85.6,100.0,1.6,25.0
2020-07-24,Warangal,9.8,25.0,31.0,93.9,100.0,1.6,13.3
2020-07-25,Warangal,14.8,25.3,35.9,88.95,100.0,0.1,15.5
2020-07-26,Warangal,23.7,26.05,35.9,90.5,100.0,0.3,19.3
2020-07-27,Warangal,2.9,27.5,38.0,65.0,100.0,0.0,20.8
2020-07-28,Warangal,0.0,27.6,37.4,70.15,100.0,0.4,23.0
2020-07-29,Warangal,47.9,25.6,37.5,76.35,100.0,0.0,18.4
2020-07-30,Warangal,19.6,27.6,36.5,78.0,100.0,0.0,12.0
2020-07-31,Warangal,0.0,27.6,38.0,70.7,100.0,0.2,14.8
2020-08-01,Warangal,8.0,27.6,37.8,74.0,100.0,0.0,13.5
2020-08-02,Warangal,42.5,25.5,35.3,89.2,100.0,0.0,14.6
2020-08-03,Warangal,77.6,26.8,37.8,80.3,100.0,0.1,17.5
2020-08-04,Warangal,18.2,27.5,34.7,84.65,100.0,0.5,22.9
2020-08-05,Warangal,13.6,26.8,32.6,86.7,100.0,1.3,20.0
2020-08-06,Warangal,25.0,27.1,33.4,92.7,100.0,2.2,18.6
2020-08-07,Warangal,3.3,27.0,35.7,91.5,100.0,3.6,21.8
2020-08-08,Warangal,6.9,29.3,37.3,77.3,100.0,1.5,20.2
2020-08-09,Warangal,0.0,27.6,35.8,82.25,100.0,0.8,19.5
2020-08-10,Warangal,104.4,24.9,33.6,85.6,100.0,4.0,27.8
2020-08-11,Warangal,65.8,24.9,28.3,99.6,100.0,0.1,22.9
2020-08-12,Warangal,10.8,27.5,33.0,99.2,100.0,3.0,27.6
2020-08-13,Warangal,76.9,24.9,30.5,96.75,100.0,1.5,47.9
2020-08-14,Warangal,120.4,24.4,28.3,99.9,100.0,5.9,18.2
2020-08-15,Warangal,263.1,23.5,26.4,99.9,100.0,2.4,55.2
2020-08-16,Warangal,142.4,24.9,28.0,97.5,100.0,2.4,45.6
2020-08-17,Warangal,108.4,24.3,28.1,99.9,100.0,1.0,65.1
2020-08-18,Warangal,49.7,25.1,30.4,99.4,100.0,0.5,18.2
2020-08-19,Warangal,48.6,24.9,33.3,86.6,100.0,0.6,23.3
2020-08-20,Warangal,152.9,25.0,28.3,99.2,100.0,1.5,15.7
2020-08-21,Warangal,113.8,25.0,28.2,99.9,100.0,1.5,21.4
2020-08-22,Warangal,35.9,25.3,32.0,98.5,100.0,0.5,16.5
2020-08-23,Warangal,2.4,27.5,33.7,92.5,100.0,0.7,18.0
2020-08-24,Warangal,21.8,24.9,36.0,82.3,100.0,0.3,15.2
2020-08-25,Warangal,6.8,27.5,35.8,76.65,100.0,2.8,65.1
2020-08-26,Warangal,4.3,27.5,35.6,80.0,100.0,2.8,65.1
2020-08-27,Warangal,103.0,25.8,33.1,88.6,100.0,5.6,29.2
2020-08-28,Warangal,20.3,25.4,30.5,97.9,100.0,0.1,21.7
2020-08-29,Warangal,4.8,27.1,34.65,84.3,100.0,3.2,65.1
2020-08-30,Warangal,29.1,26.5,35.8,80.5,100.0,1.7,65.1
2020-08-31,Warangal,2.2,27.2,37.8,75.45,100.0,2.2,65.1
2020-09-01,Warangal,0.2,27.5,37.9,74.9,100.0,2.2,65.1
2020-09-02,Warangal,0.0,27.5,35.8,82.2,100.0,2.0,65.1
2020-09-03,Warangal,42.5,25.7,35.4,84.2,99.9,2.0,65.1
2020-09-04,Warangal,26.2,26.7,37.3,74.5,100.0,1.5,15.0
2020-09-05,Warangal,0.3,28.0,36.5,73.1,100.0,0.0,65.1
2020-09-06,Warangal,7.3,27.2,36.6,78.1,100.0,0.0,65.1
2020-09-07,Warangal,0.3,27.5,37.4,80.0,100.0,0.1,65.1
2020-09-08,Warangal,0.4,27.4,37.8,71.1,100.0,0.0,11.4
2020-09-09,Warangal,6.7,27.5,37.9,82.1,100.0,0.1,9.7
2020-09-10,Warangal,1.4,27.3,36.9,92.4,100.0,0.1,17.0
2020-09-11,Warangal,37.2,26.0,36.7,90.0,100.0,0.0,9.3
2020-09-12,Warangal,97.0,25.0,36.3,86.1,100.0,0.2,18.2
2020-09-13,Warangal,38.5,26.3,35.9,92.5,100.0,0.0,13.1
2020-09-14,Warangal,92.1,25.1,34.5,92.4,100.0,2.0,25.5
2020-09-15,Warangal,65.5,26.0,36.1,98.1,100.0,0.2,20.7
2020-09-16,Warangal,10.6,27.6,36.1,94.4,100.0,0.0,11.9
2020-09-17,Warangal,16.1,27.4,34.3,92.6,100.0,0.0,15.4
2020-09-18,Warangal,6.6,27.5,36.4,86.5,100.0,0.5,12.9
2020-09-19,Warangal,12.3,27.6,36.3,95.4,100.0,0.0,28.1
2020-09-20,Warangal,38.0,25.8,35.6,97.6,100.0,0.0,15.3
2020-09-21,Warangal,15.2,25.1,36.2,95.0,100.0,0.1,16.5
2020-09-22,Warangal,62.8,26.5,34.2,98.8,100.0,0.0,11.4
2020-09-23,Warangal,27.3,25.1,34.5,99.4,100.0,3.0,12.6
2020-09-24,Warangal,1.4,27.5,34.0,95.5,100.0,2.0,22.6
2020-09-25,Warangal,5.1,27.4,35.5,86.4,100.0,0.0,14.8
2020-09-26,Warangal,131.8,24.7,35.2,99.5,100.0,0.3,16.0
2020-09-27,Warangal,34.1,24.8,30.8,96.8,100.0,1.5,14.9
2020-09-28,Warangal,0.0,25.0,35.3,96.1,100.0,0.0,19.5
2020-09-29,Warangal,0.2,27.0,36.1,96.5,100.0,0.7,20.3
2020-09-30,Warangal,11.6,25.0,35.8,99.0,100.0,0.0,25.9
2020-10-01,Warangal,15.3,26.8,35.3,91.7,100.0,2.1,20.5
2020-10-02,Warangal,0.0,27.5,35.6,83.7,100.0,0.2,21.2
2020-10-03,Warangal,0.0,27.6,36.1,83.2,100.0,0.1,22.6
2020-10-04,Warangal,0.2,27.2,36.1,77.6,100.0,3.1,15.4
2020-10-05,Warangal,0.0,25.6,35.6,74.7,99.9,4.3,23.0
2020-10-06,Warangal,2.3,27.9,35.7,76.1,100.0,0.9,18.0
2020-10-07,Warangal,15.9,27.3,35.5,75.2,100.0,0.1,15.3
2020-10-08,Warangal,73.1,25.0,32.4,95.3,100.0,0.7,16.5
2020-10-09,Warangal,16.0,25.7,33.2,89.2,100.0,0.0,9.1
2020-10-10,Warangal,32.4,27.5,35.8,97.4,100.0,0.0,19.3
2020-10-11,Warangal,40.6,25.0,33.9,96.7,100.0,0.0,20.3
2020-10-12,Warangal,20.0,25.0,35.4,97.7,100.0,0.5,12.7
2020-10-13,Warangal,47.5,24.9,33.8,95.3,100.0,0.4,21.8
2020-10-14,Warangal,86.8,24.9,28.0,99.7,100.0,8.2,47.1
2020-10-15,Warangal,2.5,25.3,32.5,99.9,100.0,1.3,23.8
2020-10-16,Warangal,0.0,27.6,34.5,86.4,100.0,0.0,19.5
2020-10-17,Warangal,59.2,25.0,35.5,86.3,100.0,0.0,13.1
2020-10-18,Warangal,17.5,25.0,35.1,91.3,100.0,0.0,8.6
2020-10-19,Warangal,4.4,26.6,36.1,76.4,100.0,0.2,7.6
2020-10-20,Warangal,25.5,25.2,35.3,90.8,100.0,3.3,15.7
2020-10-21,Warangal,31.4,25.0,34.4,88.5,100.0,0.4,23.9
2020-10-22,Warangal,1.0,25.0,34.1,92.4,100.0,0.0,11.4
2020-10-23,Warangal,0.0,24.8,35.5,88.3,100.0,4.6,15.4
2020-10-24,Warangal,0.0,23.3,35.3,71.7,100.0,0.0,10.6
2020-10-25,Warangal,0.0,23.6,36.9,72.8,100.0,0.0,6.9
2020-10-26,Warangal,0.0,22.9,36.3,60.4,100.0,0.0,9.7
2020-10-27,Warangal,0.0,23.2,36.1,58.0,100.0,0.0,14.1
2020-10-28,Warangal,0.0,22.4,34.7,56.2,100.0,0.1,9.6
2020-10-29,Warangal,0.0,22.1,35.3,53.4,100.0,0.2,9.3
2020-10-30,Warangal,0.0,24.6,36.1,61.5,100.0,0.0,8.6
2020-10-31,Warangal,0.0,22.5,33.8,60.5,100.0,0.0,21.7
2020-11-01,Warangal,0.0,21.9,33.3,61.9,100.0,2.6,15.7
2020-11-02,Warangal,0.0,21.8,35.7,49.4,100.0,2.9,14.0
2020-11-03,Warangal,0.0,25.2,35.5,61.5,100.0,2.9,10.9
2020-11-04,Warangal,0.0,21.6,36.0,66.2,100.0,0.1,12.2
2020-11-05,Warangal,0.0,20.2,33.1,57.6,100.0,0.0,18.6
2020-11-06,Warangal,0.0,20.4,35.9,54.0,99.9,0.3,9.3
2020-11-07,Warangal,0.0,23.7,35.7,64.4,100.0,0.1,11.4
2020-11-08,Warangal,0.0,21.8,35.6,64.7,100.0,0.1,12.3
2020-11-09,Warangal,0.0,19.5,34.9,50.0,99.9,1.1,22.0
2020-11-10,Warangal,0.0,18.9,31.0,42.6,100.0,0.0,23.1
2020-11-11,Warangal,0.0,19.4,32.2,47.1,100.0,2.7,15.9
2020-11-12,Warangal,0.0,23.9,34.5,54.8,100.0,0.0,12.2
2020-11-13,Warangal,15.3,23.1,34.5,72.5,100.0,0.0,21.0
2020-11-14,Warangal,0.0,21.0,35.9,62.0,100.0,0.0,12.8
2020-11-15,Warangal,0.0,20.5,35.9,61.1,100.0,0.1,13.3
2020-11-16,Warangal,0.0,24.8,35.8,57.7,100.0,3.9,12.9
2020-11-17,Warangal,0.0,23.0,35.9,54.8,100.0,0.0,20.3
2020-11-18,Warangal,0.0,24.8,35.2,64.6,100.0,0.0,14.6
2020-11-19,Warangal,0.0,27.1,35.1,66.7,100.0,0.0,61.7
2020-11-20,Warangal,0.0,24.6,35.5,64.9,100.0,0.0,65.1
2020-11-21,Warangal,0.0,23.0,35.9,60.2,100.0,0.0,65.1
2020-11-22,Warangal,0.0,24.7,36.1,63.6,100.0,0.0,10.7
2020-11-23,Warangal,0.0,21.9,33.4,66.0,100.0,1.1,22.7
2020-11-24,Warangal,0.0,19.8,33.1,43.4,100.0,0.0,18.1
2020-11-25,Warangal,0.0,20.7,30.8,66.6,100.0,0.0,17.1
2020-11-26,Warangal,0.5,24.8,33.4,54.8,100.0,0.9,51.7
2020-11-27,Warangal,7.3,22.6,28.2,81.8,100.0,0.1,18.5
2020-11-28,Warangal,15.2,20.0,25.4,97.7,100.0,6.1,18.9
2020-11-29,Warangal,1.9,22.4,30.7,83.3,100.0,0.0,21.0
2020-11-30,Warangal,3.7,21.9,35.1,64.1,100.0,0.0,12.7
2020-12-01,Warangal,0.0,20.0,34.7,57.2,100.0,0.0,12.1
2020-12-02,Warangal,0.0,20.2,34.5,55.3,100.0,0.0,32.3
2020-12-03,Warangal,0.0,19.5,32.9,50.3,100.0,0.0,65.1
2020-12-04,Warangal,0.0,21.6,34.8,56.2,100.0,0.0,15.5
2020-12-05,Warangal,0.0,19.3,33.1,48.6,100.0,0.0,15.1
2020-12-06,Warangal,0.0,19.3,34.8,43.3,100.0,0.0,16.4
2020-12-07,Warangal,0.0,20.1,33.4,46.1,100.0,0.0,16.7
2020-12-08,Warangal,0.0,19.6,33.8,45.8,100.0,0.0,21.8
2020-12-09,Warangal,0.0,19.3,35.5,48.6,100.0,0.0,14.3
2020-12-10,Warangal,0.0,19.8,35.7,46.3,100.0,0.0,65.1
2020-12-11,Warangal,0.0,21.8,35.6,50.5,100.0,0.0,12.0
2020-12-12,Warangal,0.0,21.8,35.0,49.2,100.0,0.0,14.5
2020-12-13,Warangal,0.0,21.8,33.6,62.6,100.0,0.0,17.8
2020-12-14,Warangal,0.0,21.8,33.0,60.1,100.0,0.0,18.4
2020-12-15,Warangal,0.0,19.9,34.9,53.3,100.0,0.0,15.3
2020-12-16,Warangal,0.0,22.7,33.1,57.1,100.0,0.0,23.9
2020-12-17,Warangal,0.0,22.2,33.1,69.1,100.0,0.0,13.0
2020-12-18,Warangal,0.0,21.8,34.1,62.7,100.0,0.0,15.3
2020-12-19,Warangal,0.0,19.7,32.9,64.4,100.0,0.1,12.0
2020-12-20,Warangal,0.0,19.8,32.6,54.6,100.0,2.0,18.4
2020-12-21,Warangal,0.0,17.1,30.8,39.1,99.7,2.5,12.6
2020-12-22,Warangal,0.0,15.6,30.8,33.1,100.0,0.0,11.4
2020-12-23,Warangal,0.0,16.7,33.3,46.7,100.0,0.0,14.5
2020-12-24,Warangal,0.0,19.3,33.0,48.8,100.0,0.0,8.9
2020-12-25,Warangal,0.0,18.3,33.2,52.9,100.0,0.0,17.6
2020-12-26,Warangal,0.0,18.7,30.7,62.2,100.0,0.0,9.4
2020-12-27,Warangal,0.0,17.2,33.0,46.5,100.0,0.0,19.3
2020-12-28,Warangal,0.0,17.6,33.2,41.9,100.0,0.0,15.1
2020-12-29,Warangal,0.0,18.0,32.9,54.9,100.0,0.0,16.4
2020-12-30,Warangal,0.0,19.6,33.2,54.3,100.0,0.0,14.7
2020-12-31,Warangal,0.0,18.9,33.1,55.0,100.0,0.0,17.8
2021-04-01,Warangal,0.0,24.3,40.0,26.5,91.1,2.6,23.1
2021-04-02,Warangal,0.0,24.3,40.2,31.7,86.4,0.1,28.4
2021-04-03,Warangal,0.0,24.4,40.9,25.5,100.0,0.0,15.3
2021-04-04,Warangal,0.0,26.6,40.0,44.9,100.0,2.0,45.3
2021-04-05,Warangal,0.0,25.7,38.3,55.8,100.0,0.0,20.0
2021-04-06,Warangal,0.0,25.9,38.2,60.3,100.0,2.7,19.7
2021-04-07,Warangal,0.0,26.1,37.9,63.3,100.0,2.0,17.4
2021-04-08,Warangal,0.0,27.8,38.6,51.8,100.0,2.7,65.1
2021-04-09,Warangal,0.0,26.2,39.5,44.8,100.0,2.5,65.1
2021-04-10,Warangal,0.0,25.6,37.6,55.6,100.0,4.0,19.2
2021-04-11,Warangal,0.0,24.3,37.3,51.0,100.0,1.4,65.1
2021-04-12,Warangal,0.0,26.2,38.5,47.5,100.0,2.7,13.9
2021-04-13,Warangal,50.1,24.9,38.6,47.6,100.0,1.0,23.4
2021-04-14,Warangal,43.2,22.1,38.6,46.9,100.0,1.3,26.1
2021-04-15,Warangal,0.5,23.3,33.8,72.3,100.0,0.1,65.1
2021-04-16,Warangal,0.0,24.4,36.9,49.9,100.0,0.0,17.9
2021-04-17,Warangal,0.0,26.0,38.2,47.3,100.0,2.4,16.4
2021-04-18,Warangal,0.0,27.1,39.8,47.5,100.0,0.0,17.0
2021-04-19,Warangal,0.0,26.9,39.3,46.7,100.0,1.6,65.1
2021-04-20,Warangal,0.0,29.2,42.0,39.3,100.0,0.1,23.0
2021-04-21,Warangal,0.0,26.1,40.1,48.0,100.0,1.7,20.2
2021-04-22,Warangal,44.3,25.3,40.1,47.8,100.0,3.3,38.9
2021-04-23,Warangal,0.0,25.7,38.3,56.9,100.0,0.1,15.2
2021-04-24,Warangal,0.9,25.7,39.7,47.6,100.0,0.1,63.9
2021-04-25,Warangal,0.0,26.6,41.0,47.1,99.9,2.1,13.7
2021-04-26,Warangal,0.0,27.4,41.0,45.0,100.0,1.9,14.0
2021-04-27,Warangal,0.0,26.9,40.6,44.2,89.7,0.1,19.2
2021-04-28,Warangal,0.0,27.8,41.5,39.1,100.0,0.1,65.1
2021-04-29,Warangal,0.0,27.4,41.3,36.2,100.0,3.3,65.0
2021-04-30,Warangal,0.0,23.9,41.2,49.1,89.5,0.0,65.1
2021-05-01,Warangal,0.0,26.4,40.4,49.3,100.0,1.3,65.1
2021-05-02,Warangal,0.0,26.0,38.2,56.3,100.0,0.3,65.1
2021-05-03,Warangal,114.5,25.0,38.6,50.2,100.0,0.5,35.7
2021-05-04,Warangal,0.5,25.7,39.5,52.9,100.0,0.5,23.3
2021-05-05,Warangal,0.0,27.0,40.0,48.3,100.0,2.6,24.9
2021-05-06,Warangal,0.0,28.1,40.7,44.4,97.7,0.1,65.1
2021-05-07,Warangal,0.0,28.4,39.4,47.4,99.9,4.4,65.1
2021-05-08,Warangal,0.0,29.5,39.7,43.8,99.9,1.5,65.1
2021-05-09,Warangal,0.0,28.3,40.0,46.7,99.9,0.3,65.1
2021-05-10,Warangal,0.0,29.3,40.6,48.9,99.9,2.7,51.1
2021-05-11,Warangal,0.0,29.3,41.0,46.7,92.8,2.8,30.7
2021-05-12,Warangal,38.8,25.5,41.5,50.5,100.0,2.9,32.2
2021-05-13,Warangal,13.0,28.6,40.2,51.8,100.0,7.1,65.1
2021-05-14,Warangal,0.0,28.7,41.1,46.1,98.3,2.2,65.1
2021-05-15,Warangal,0.0,28.2,39.6,53.6,100.0,6.1,65.1
2021-05-16,Warangal,3.0,28.7,39.8,52.3,100.0,8.3,33.3
2021-05-17,Warangal,3.0,27.4,35.1,66.6,100.0,3.8,40.6
2021-05-18,Warangal,0.0,28.4,39.3,52.8,100.0,6.4,65.1
2021-05-19,Warangal,3.6,28.7,39.9,50.2,100.0,9.1,65.1
2021-05-20,Warangal,13.0,27.5,39.9,49.7,100.0,3.3,21.0
2021-05-21,Warangal,0.0,29.1,39.2,47.2,100.0,1.5,65.1
2021-05-22,Warangal,0.0,29.0,40.7,40.2,97.6,3.3,30.8
2021-05-23,Warangal,0.0,29.0,40.2,40.0,97.7,0.1,15.0
2021-05-24,Warangal,0.8,29.7,42.7,36.0,84.3,0.6,22.3
2021-05-25,Warangal,0.0,30.2,42.4,35.4,76.4,0.0,26.9
2021-05-26,Warangal,0.0,27.5,40.4,33.2,72.6,0.0,27.3
2021-05-27,Warangal,0.2,31.7,42.4,25.2,56.5,10.0,35.2
2021-05-28,Warangal,6.7,29.7,42.3,35.8,84.2,5.8,30.3
2021-05-29,Warangal,0.0,30.0,40.5,42.0,80.7,2.8,65.1
2021-05-30,Warangal,22.1,28.3,43.9,38.3,87.6,5.0,42.3
2021-05-31,Warangal,0.0,30.7,42.0,41.1,85.2,0.4,20.2
2021-06-01,Warangal,32.0,26.0,42.0,38.7,100.0,4.3,21.7
2021-06-02,Warangal,21.0,27.9,40.4,46.0,100.0,0.8,23.8
2021-06-03,Warangal,133.5,25.1,38.0,51.1,100.0,0.1,34.3
2021-06-04,Warangal,58.4,23.6,31.1,95.6,100.0,0.4,14.9
2021-06-05,Warangal,38.0,25.9,37.4,65.7,100.0,0.4,24.7
2021-06-06,Warangal,4.1,27.3,37.8,59.6,100.0,1.5,15.7
2021-06-07,Warangal,0.0,28.6,39.3,51.5,100.0,2.9,16.0
2021-06-08,Warangal,30.8,27.2,37.0,60.0,100.0,0.0,18.4
2021-06-09,Warangal,146.7,24.3,39.4,55.8,100.0,0.1,24.5
2021-06-10,Warangal,7.2,24.5,32.6,94.9,100.0,1.1,17.8
2021-06-11,Warangal,48.5,24.7,35.2,70.5,100.0,2.6,22.9
2021-06-12,Warangal,5.4,26.2,32.9,85.0,100.0,3.0,40.4
2021-06-13,Warangal,4.6,26.5,32.9,82.7,100.0,1.6,21.9
2021-06-14,Warangal,65.6,23.2,36.2,62.7,100.0,0.2,27.9
2021-06-15,Warangal,51.3,24.5,32.9,91.8,100.0,1.5,19.8
2021-06-16,Warangal,22.6,25.8,34.3,83.6,100.0,1.2,16.6
2021-06-17,Warangal,14.6,26.1,35.6,70.0,100.0,3.0,18.0
2021-06-18,Warangal,11.6,26.2,32.5,88.7,100.0,0.0,28.2
2021-06-19,Warangal,1.7,26.3,35.3,70.9,100.0,6.1,24.3
2021-06-20,Warangal,2.4,26.7,34.3,68.0,99.9,2.7,22.4
2021-06-21,Warangal,0.3,27.4,36.7,63.5,88.0,0.9,25.5
2021-06-22,Warangal,0.3,28.5,37.3,63.1,99.9,2.9,23.3
2021-06-23,Warangal,25.5,25.9,35.7,70.1,100.0,0.0,23.0
2021-06-24,Warangal,49.3,24.6,32.1,95.4,100.0,0.0,22.2
2021-06-25,Warangal,8.5,26.5,32.6,93.1,100.0,1.5,31.7
2021-06-26,Warangal,12.4,26.0,34.6,71.1,100.0,0.5,25.7
2021-06-27,Warangal,129.4,23.8,35.3,77.0,100.0,3.0,23.3
2021-06-28,Warangal,53.9,25.2,34.4,94.3,100.0,0.0,28.2
2021-06-29,Warangal,8.1,27.0,34.7,89.0,100.0,0.0,13.3
2021-06-30,Warangal,2.7,27.2,36.7,73.9,100.0,4.6,15.2
2021-07-01,Warangal,61.3,24.6,37.7,70.4,100.0,0.3,19.2
2021-07-02,Warangal,85.3,23.8,33.5,96.8,100.0,0.0,28.1
2021-07-03,Warangal,3.4,25.3,30.4,99.0,100.0,0.0,14.4
2021-07-04,Warangal,0.0,26.6,34.7,72.7,100.0,0.1,20.6
2021-07-05,Warangal,0.0,27.0,36.9,64.5,100.0,0.0,15.6
2021-07-06,Warangal,0.9,26.6,35.7,80.7,100.0,0.0,14.6
2021-07-07,Warangal,16.5,27.6,36.7,72.2,100.0,0.0,14.5
2021-07-08,Warangal,10.5,25.2,37.1,76.7,100.0,2.5,18.4
2021-07-09,Warangal,2.0,25.4,32.3,84.3,100.0,0.0,14.5
2021-07-10,Warangal,79.7,25.2,34.0,84.9,100.0,0.0,15.1
2021-07-11,Warangal,53.2,26.1,33.6,86.4,100.0,0.0,15.4
2021-07-12,Warangal,128.6,24.7,29.9,99.1,100.0,0.0,22.4
2021-07-13,Warangal,48.2,24.9,32.6,90.4,100.0,0.0,16.7
2021-07-14,Warangal,21.9,25.2,31.8,96.7,100.0,0.2,15.2
2021-07-15,Warangal,42.1,24.6,30.1,97.5,100.0,0.4,26.2
2021-07-16,Warangal,6.5,25.4,32.7,97.2,100.0,6.2,18.6
2021-07-17,Warangal,6.8,26.0,32.9,92.5,100.0,3.2,17.7
2021-07-18,Warangal,1.0,26.0,36.3,80.5,100.0,0.9,14.7
2021-07-19,Warangal,21.7,25.7,36.0,84.8,100.0,0.2,22.2
2021-07-20,Warangal,26.0,26.0,34.7,88.5,100.0,0.5,19.2
2021-07-21,Warangal,51.9,24.0,32.8,90.0,100.0,0.6,34.2
2021-07-22,Warangal,66.8,23.7,27.6,99.9,100.0,4.2,19.5
2021-07-23,Warangal,211.0,23.8,25.7,99.9,100.0,2.8,28.5
2021-07-24,Warangal,51.5,23.7,32.2,99.3,100.0,0.5,32.8
2021-07-25,Warangal,9.0,24.4,34.7,93.6,100.0,0.0,21.7
2021-07-26,Warangal,42.2,26.0,34.7,83.4,100.0,0.0,18.0
2021-07-27,Warangal,0.2,26.6,34.8,79.9,100.0,1.7,23.1
2021-07-28,Warangal,0.0,26.7,34.7,70.9,100.0,3.4,22.1
2021-07-29,Warangal,1.2,27.0,34.2,77.2,98.4,0.6,29.4
2021-07-30,Warangal,1.7,26.1,32.3,83.3,100.0,3.4,20.6
2021-07-31,Warangal,0.3,26.7,33.2,77.2,97.7,4.0,24.8
2021-08-01,Warangal,2.3,26.2,34.5,74.7,100.0,0.0,28.1
2021-08-02,Warangal,0.0,26.0,34.5,72.4,97.7,2.4,25.8
2021-08-03,Warangal,0.4,26.1,35.8,67.1,97.6,4.0,31.9
2021-08-04,Warangal,1.8,26.9,34.2,68.1,100.0,0.0,20.4
2021-08-05,Warangal,0.0,26.4,35.8,67.6,100.0,0.8,26.9
2021-08-06,Warangal,10.2,26.4,34.9,71.0,100.0,0.2,23.1
2021-08-07,Warangal,0.5,26.9,34.4,76.6,100.0,0.0,22.9
2021-08-08,Warangal,20.2,26.8,35.0,78.0,100.0,0.3,19.9
2021-08-09,Warangal,23.3,27.1,36.6,71.8,100.0,0.0,18.5
2021-08-10,Warangal,21.8,27.4,36.7,71.8,100.0,0.2,18.0
2021-08-11,Warangal,0.0,27.3,35.4,84.5,100.0,6.3,18.2
2021-08-12,Warangal,0.2,26.9,35.0,72.2,100.0,0.0,23.3
2021-08-13,Warangal,20.7,27.1,36.4,69.0,100.0,1.5,24.1
2021-08-14,Warangal,20.6,27.4,34.2,79.4,100.0,0.0,25.0
2021-08-15,Warangal,1.8,26.8,34.5,73.9,100.0,0.1,30.7
2021-08-16,Warangal,39.6,23.9,34.4,83.1,100.0,0.2,19.5
2021-08-17,Warangal,24.5,25.4,30.5,99.0,100.0,4.0,19.3
2021-08-18,Warangal,32.6,24.4,30.3,98.3,100.0,0.8,15.5
2021-08-19,Warangal,36.0,25.7,31.0,95.9,100.0,0.1,16.9
2021-08-20,Warangal,13.7,25.2,32.3,92.5,100.0,2.4,18.7
2021-08-21,Warangal,0.4,25.1,32.3,93.9,100.0,0.1,12.7
2021-08-22,Warangal,86.5,25.3,34.4,92.0,100.0,1.5,14.7
2021-08-23,Warangal,69.0,25.1,35.4,71.7,100.0,1.1,18.7
2021-08-24,Warangal,0.0,24.8,36.6,74.5,100.0,0.0,16.7
2021-08-25,Warangal,0.2,25.4,36.5,72.4,100.0,0.0,14.5
2021-08-26,Warangal,72.6,24.3,36.4,74.6,100.0,0.2,24.7
2021-08-27,Warangal,41.8,24.2,34.5,93.9,100.0,0.0,21.8
2021-08-28,Warangal,26.2,25.5,34.7,84.9,100.0,0.0,19.5
2021-08-29,Warangal,14.8,23.8,32.7,95.3,100.0,0.0,21.7
2021-08-30,Warangal,140.0,24.5,32.9,93.3,100.0,0.2,14.0
2021-08-31,Warangal,85.0,24.9,32.2,96.8,100.0,0.2,16.8
2021-09-01,Warangal,10.9,24.7,30.8,98.0,100.0,4.0,18.5
2021-09-02,Warangal,21.7,23.9,31.3,99.0,100.0,0.0,14.1
2021-09-03,Warangal,23.5,24.9,35.2,91.5,100.0,1.1,26.4
2021-09-04,Warangal,19.0,24.0,34.5,90.1,100.0,0.0,13.0
2021-09-05,Warangal,40.7,24.6,34.7,84.7,100.0,0.1,19.3
2021-09-06,Warangal,2.2,25.5,34.2,88.7,100.0,0.0,18.5
2021-09-07,Warangal,388.0,23.6,28.2,98.1,100.0,4.2,30.7
2021-09-08,Warangal,6.5,24.4,31.6,98.0,100.0,3.8,21.0
2021-09-09,Warangal,1.4,25.3,31.8,95.4,100.0,2.6,15.7
2021-09-10,Warangal,0.3,26.4,34.6,86.2,100.0,0.0,18.2
2021-09-11,Warangal,2.8,25.5,32.9,88.7,100.0,0.0,23.6
2021-09-12,Warangal,8.3,25.1,32.8,91.1,100.0,0.6,20.9
2021-09-13,Warangal,7.8,26.1,34.7,93.0,100.0,1.1,14.5
2021-09-14,Warangal,4.6,26.2,34.2,92.8,100.0,0.3,21.8
2021-09-15,Warangal,0.7,25.5,34.0,93.5,100.0,2.1,19.9
2021-09-16,Warangal,0.0,25.3,35.1,76.3,100.0,2.4,15.3
2021-09-17,Warangal,0.0,25.1,35.6,72.9,100.0,0.0,23.5
2021-09-18,Warangal,4.4,25.2,34.7,71.2,100.0,0.0,17.9
2021-09-19,Warangal,4.0,25.0,31.7,86.6,100.0,0.1,11.8
2021-09-20,Warangal,98.8,24.0,35.4,72.5,100.0,1.5,19.0
2021-09-21,Warangal,36.4,23.9,34.4,91.6,100.0,0.0,18.4
2021-09-22,Warangal,14.9,24.6,33.9,94.4,100.0,3.4,17.4
2021-09-23,Warangal,9.5,24.8,33.0,93.4,100.0,0.0,15.2
2021-09-24,Warangal,39.0,24.6,34.2,88.1,100.0,0.2,12.4
2021-09-25,Warangal,49.8,25.2,34.9,75.1,100.0,0.1,10.2
2021-09-26,Warangal,10.5,24.7,34.8,81.4,100.0,0.2,22.0
2021-09-27,Warangal,20.2,25.2,33.9,89.7,100.0,2.2,23.2
2021-09-28,Warangal,98.5,24.3,27.9,98.5,100.0,6.1,30.7
2021-09-29,Warangal,0.3,24.8,33.0,92.6,100.0,0.2,17.8
2021-09-30,Warangal,0.4,25.9,35.5,79.1,100.0,0.0,9.3
2021-10-01,Warangal,0.0,25.1,35.3,76.7,100.0,0.0,7.0
2021-10-02,Warangal,0.3,25.7,35.7,74.9,100.0,0.1,8.7
2021-10-03,Warangal,0.0,25.7,36.1,72.7,100.0,0.0,7.2
2021-10-04,Warangal,20.0,25.8,35.2,76.2,100.0,0.0,8.0
2021-10-05,Warangal,0.6,25.0,35.1,84.2,100.0,0.0,6.8
2021-10-06,Warangal,56.4,25.5,34.5,92.7,100.0,0.0,15.3
2021-10-07,Warangal,4.5,25.1,34.4,76.2,100.0,0.0,12.1
2021-10-08,Warangal,24.8,25.2,35.1,81.4,100.0,0.0,10.1
2021-10-09,Warangal,0.0,23.8,36.7,78.6,100.0,0.0,10.7
2021-10-10,Warangal,3.6,24.8,36.6,76.4,100.0,1.5,14.1
2021-10-11,Warangal,0.3,23.9,34.9,69.1,100.0,0.0,12.6
2021-10-12,Warangal,0.0,23.9,35.4,62.8,100.0,0.0,12.1
2021-10-13,Warangal,0.0,24.8,34.3,64.4,100.0,0.1,13.3
2021-10-14,Warangal,0.0,24.0,34.5,64.4,100.0,0.0,10.9
2021-10-15,Warangal,0.0,24.0,34.8,65.5,100.0,2.3,14.7
2021-10-16,Warangal,10.2,24.5,34.8,70.7,100.0,0.0,14.5
2021-10-17,Warangal,43.7,24.6,32.0,93.5,100.0,0.0,12.7
2021-10-18,Warangal,0.7,25.7,34.2,89.9,100.0,0.2,12.4
2021-10-19,Warangal,0.0,25.4,35.7,71.7,100.0,0.0,10.4
2021-10-20,Warangal,0.0,23.6,34.0,70.0,100.0,0.0,14.0
2021-10-21,Warangal,0.0,23.9,33.1,70.8,100.0,0.0,38.2
2021-10-22,Warangal,0.0,23.1,34.8,58.4,100.0,0.3,12.1
2021-10-23,Warangal,0.0,21.5,33.0,58.1,100.0,0.0,13.3
2021-10-24,Warangal,0.0,21.3,35.0,52.5,100.0,0.0,10.0
2021-10-25,Warangal,0.0,20.7,34.0,62.7,100.0,0.0,11.6
2021-10-26,Warangal,0.0,21.5,32.9,60.6,100.0,1.8,15.1
2021-10-27,Warangal,0.0,20.4,34.2,52.7,100.0,0.0,14.4
2021-10-28,Warangal,0.0,21.3,33.8,53.8,100.0,0.0,14.7
2021-10-29,Warangal,0.0,21.9,33.8,63.4,100.0,3.5,16.6
2021-10-30,Warangal,0.0,22.9,32.8,67.5,100.0,0.1,11.8
2021-10-31,Warangal,0.3,22.6,33.9,69.3,100.0,0.0,8.5
2021-11-01,Warangal,0.0,21.7,35.2,65.7,100.0,0.0,0.0
2021-11-02,Warangal,0.0,22.7,34.4,64.5,100.0,0.0,0.0
2021-11-03,Warangal,41.4,23.3,33.2,78.2,100.0,0.0,0.0
2021-11-04,Warangal,2.8,23.3,32.9,83.7,100.0,0.0,0.0
2021-11-05,Warangal,0.0,23.2,35.1,74.7,100.0,0.0,0.0
2021-11-06,Warangal,0.0,22.5,34.7,72.3,100.0,0.0,0.0
2021-11-07,Warangal,0.0,20.0,33.4,68.3,100.0,0.0,0.0
2021-11-08,Warangal,0.0,18.2,33.3,58.7,100.0,0.0,0.0
2021-11-09,Warangal,0.0,18.1,33.5,46.2,100.0,0.0,0.0
2021-11-10,Warangal,0.0,19.7,31.2,55.7,100.0,0.0,0.0
2021-11-11,Warangal,0.0,21.2,32.9,54.9,94.8,0.0,0.0
2021-11-12,Warangal,0.0,22.3,29.0,70.2,100.0,0.0,0.0
2021-11-13,Warangal,2.3,23.9,31.9,75.1,100.0,0.0,0.0
2021-11-14,Warangal,39.1,23.6,32.9,87.0,100.0,0.0,0.0
2021-11-15,Warangal,68.8,23.9,34.4,80.2,100.0,0.0,0.0
2021-11-16,Warangal,24.0,23.4,33.0,92.2,100.0,0.0,0.0
2021-11-17,Warangal,6.3,23.3,33.3,81.3,100.0,0.0,0.0
2021-11-18,Warangal,0.0,24.3,34.5,75.8,100.0,0.0,0.0
2021-11-19,Warangal,7.5,24.3,32.0,97.4,100.0,0.0,0.0
2021-11-20,Warangal,1.1,23.4,31.3,83.1,100.0,0.0,0.0
2021-11-21,Warangal,7.9,23.0,33.8,92.7,100.0,0.0,0.0
2021-11-22,Warangal,3.4,24.3,34.7,75.3,100.0,0.0,0.0
2021-11-23,Warangal,0.0,24.5,35.3,71.5,100.0,0.0,0.0
2021-11-24,Warangal,7.2,24.4,35.0,71.8,100.0,0.0,0.0
2021-11-25,Warangal,0.0,21.2,34.7,64.9,100.0,0.0,0.0
2021-11-26,Warangal,0.0,19.2,33.4,60.5,100.0,0.0,0.0
2021-11-27,Warangal,0.0,18.6,32.9,53.3,100.0,0.0,0.0
2021-11-28,Warangal,0.0,19.5,32.8,55.8,100.0,0.0,0.0
2021-11-29,Warangal,0.0,22.0,31.1,66.0,100.0,0.0,0.0
2021-11-30,Warangal,0.0,21.4,30.9,72.0,100.0,0.0,0.0
2021-12-01,Warangal,0.0,18.7,32.7,59.4,100.0,0.0,10.4
2021-12-02,Warangal,0.0,20.2,32.7,58.0,100.0,0.0,12.1
2021-12-03,Warangal,0.0,18.7,33.0,56.8,100.0,0.0,14.0
2021-12-04,Warangal,0.0,18.8,32.5,55.5,100.0,1.6,10.4
2021-12-05,Warangal,0.0,20.3,34.2,51.3,100.0,2.3,13.9
2021-12-06,Warangal,0.0,19.6,32.9,56.9,100.0,0.0,13.2
2021-12-07,Warangal,0.0,20.6,33.9,56.2,100.0,0.1,11.9
2021-12-08,Warangal,0.0,19.5,32.9,58.1,100.0,0.0,10.8
2021-12-09,Warangal,0.0,20.6,33.7,57.0,100.0,0.0,8.4
2021-12-10,Warangal,0.0,22.2,33.3,61.1,100.0,0.0,9.4
2021-12-11,Warangal,0.0,21.5,32.3,70.4,100.0,0.0,5.5
2021-12-12,Warangal,0.0,19.9,33.2,60.6,100.0,0.1,8.0
2021-12-13,Warangal,0.0,19.5,32.8,57.6,100.0,0.0,10.3
2021-12-14,Warangal,0.0,18.5,32.6,55.1,100.0,0.0,7.3
2021-12-15,Warangal,0.0,17.6,31.3,61.6,100.0,0.0,8.0
2021-12-16,Warangal,0.0,15.5,31.5,49.5,100.0,0.0,12.8
2021-12-17,Warangal,0.0,14.0,30.7,47.3,100.0,0.0,10.3
2021-12-18,Warangal,0.0,14.5,31.5,41.7,100.0,0.0,13.5
2021-12-19,Warangal,0.0,15.3,30.9,38.7,100.0,0.0,11.0
2021-12-20,Warangal,0.0,14.7,31.2,49.7,100.0,0.2,8.3
2021-12-21,Warangal,0.0,10.7,29.4,44.0,100.0,0.0,12.5
2021-12-22,Warangal,0.0,10.9,31.2,29.3,100.0,0.0,14.6
2021-12-23,Warangal,0.0,12.4,30.9,28.6,100.0,0.0,11.2
2021-12-24,Warangal,0.0,14.5,32.8,40.3,100.0,0.0,11.1
2021-12-25,Warangal,0.0,18.3,32.6,48.3,100.0,0.0,15.4
2021-12-26,Warangal,0.0,19.3,32.2,59.3,100.0,0.0,13.0
2021-12-27,Warangal,0.0,19.3,31.9,65.6,100.0,0.0,10.9
2021-12-28,Warangal,0.0,18.5,28.7,81.2,100.0,0.0,11.8
2021-12-29,Warangal,0.0,19.3,31.9,62.2,100.0,0.1,14.6
2021-12-30,Warangal,0.0,19.3,31.7,61.6,100.0,0.0,15.2
2021-12-31,Warangal,0.0,18.2,31.5,66.0,100.0,0.0,9.6
2022-01-01,Warangal,0.0,18.4,31.9,63.0,100.0,0.1,10.2
2022-01-02,Warangal,0.0,18.1,31.9,61.0,100.0,0.0,8.4
2022-01-03,Warangal,0.0,15.9,32.0,51.5,100.0,0.0,8.5
2022-01-04,Warangal,0.0,16.6,31.4,55.0,100.0,0.0,8.6
2022-01-05,Warangal,0.0,18.0,31.3,61.5,100.0,0.0,9.9
2022-01-06,Warangal,0.0,17.2,31.6,60.1,100.0,0.0,13.4
2022-01-07,Warangal,0.0,17.7,32.7,56.9,100.0,0.0,15.2
2022-01-08,Warangal,0.0,19.3,31.6,61.3,100.0,0.0,15.2
2022-01-09,Warangal,0.0,19.6,31.6,63.6,100.0,0.0,15.3
2022-01-10,Warangal,0.0,19.8,30.7,68.2,100.0,1.0,15.6
2022-01-11,Warangal,84.8,19.9,31.0,68.1,100.0,0.4,13.5
2022-01-12,Warangal,90.8,20.2,30.2,77.7,100.0,0.0,15.2
2022-01-13,Warangal,100.8,20.1,28.2,96.6,100.0,0.0,14.2
2022-01-14,Warangal,55.3,20.0,26.4,98.4,100.0,0.0,11.3
2022-01-15,Warangal,5.8,21.0,31.1,84.2,100.0,0.0,15.0
2022-01-16,Warangal,0.8,19.8,30.5,98.4,100.0,1.4,11.5
2022-01-17,Warangal,3.2,19.6,29.1,96.3,100.0,0.0,11.4
2022-01-18,Warangal,0.0,18.4,30.5,71.4,100.0,0.0,9.0
2022-01-19,Warangal,0.0,17.3,31.0,61.2,100.0,0.0,11.1
2022-01-20,Warangal,0.0,16.7,31.0,58.7,100.0,0.0,9.5
2022-01-21,Warangal,0.0,18.0,32.5,52.3,100.0,0.0,9.3
2022-01-22,Warangal,0.0,17.6,32.9,53.8,100.0,0.0,15.3
2022-01-23,Warangal,0.0,20.7,32.2,59.6,100.0,0.5,14.4
2022-01-24,Warangal,0.0,18.4,32.8,55.1,100.0,0.1,16.8
2022-01-25,Warangal,0.0,17.5,29.7,52.2,100.0,4.0,17.1
2022-01-26,Warangal,0.0,17.7,30.9,50.0,100.0,0.1,12.0
2022-01-27,Warangal,0.0,17.1,31.4,52.2,94.9,0.3,11.8
2022-01-28,Warangal,0.0,15.5,29.3,46.4,100.0,2.1,14.2
2022-01-29,Warangal,0.0,13.3,29.5,36.6,100.0,0.0,16.2
2022-01-30,Warangal,0.0,13.4,31.3,36.9,100.0,0.0,10.8
2022-01-31,Warangal,0.0,13.4,32.7,34.9,100.0,0.0,13.8
2022-02-01,Warangal,0.0,8.7,36.8,6.8,100.0,0.0,65.1
2022-02-02,Warangal,0.0,8.6,36.5,8.1,100.0,0.0,65.1
2022-02-03,Warangal,0.0,11.1,36.6,12.2,100.0,0.0,65.1
2022-02-04,Warangal,0.0,11.3,36.1,19.8,100.0,0.0,65.1
2022-02-05,Warangal,0.0,6.0,34.5,8.4,100.0,0.0,65.1
2022-02-06,Warangal,0.0,6.7,35.8,9.7,100.0,0.0,65.1
2022-02-07,Warangal,0.0,9.7,36.9,7.8,100.0,0.0,65.1
2022-02-08,Warangal,0.0,12.7,36.3,18.8,100.0,0.0,65.1
2022-02-09,Warangal,0.0,15.4,36.5,23.7,100.0,0.0,67.4
2022-02-10,Warangal,0.0,14.2,34.6,24.5,100.0,0.0,65.1
2022-02-11,Warangal,0.0,11.7,34.7,21.9,100.0,0.0,65.1
2022-02-12,Warangal,0.0,8.0,36.5,21.6,100.0,0.0,65.1
2022-02-13,Warangal,0.0,7.3,36.2,13.6,100.0,0.0,57.5
2022-02-14,Warangal,0.0,8.8,36.4,9.2,100.0,0.0,65.1
2022-02-15,Warangal,0.0,11.7,36.3,12.5,100.0,0.0,65.1
2022-02-16,Warangal,0.0,14.3,35.1,18.1,100.0,0.0,65.1
2022-02-17,Warangal,0.0,13.5,36.4,18.2,100.0,0.0,65.1
2022-02-18,Warangal,0.0,15.5,36.1,15.2,100.0,0.0,65.1
2022-02-19,Warangal,0.0,12.5,36.5,20.9,100.0,0.0,65.1
2022-02-20,Warangal,0.0,13.6,37.2,9.1,100.0,0.0,63.6
2022-02-21,Warangal,0.0,10.0,37.2,15.5,100.0,0.0,65.1
2022-02-22,Warangal,0.0,10.2,39.2,7.2,100.0,0.0,65.1
2022-02-23,Warangal,0.0,11.5,38.7,6.9,100.0,0.0,65.1
2022-02-24,Warangal,0.0,13.2,37.4,13.2,100.0,0.0,65.1
2022-02-25,Warangal,0.0,12.2,38.2,7.0,100.0,0.0,65.1
2022-02-26,Warangal,0.0,11.4,38.3,5.2,100.0,0.0,65.1
2022-02-27,Warangal,0.0,11.9,38.0,7.2,100.0,0.0,65.1
2022-02-28,Warangal,0.0,12.3,38.7,10.4,100.0,0.0,65.1
2022-03-01,Warangal,0.0,18.3,35.9,36.6,100.0,0.0,14.5
2022-03-02,Warangal,0.0,19.8,36.2,42.8,100.0,0.5,10.8
2022-03-03,Warangal,0.0,20.2,35.6,39.0,100.0,0.0,10.3
2022-03-04,Warangal,0.0,20.7,35.0,50.8,100.0,0.0,12.3
2022-03-05,Warangal,0.0,20.9,36.8,37.2,100.0,0.5,12.5
2022-03-06,Warangal,0.0,21.2,36.3,51.0,100.0,0.0,9.6
2022-03-07,Warangal,0.0,20.7,36.4,48.7,100.0,0.0,10.7
2022-03-08,Warangal,0.0,22.0,35.9,44.0,100.0,0.0,10.5
2022-03-09,Warangal,0.0,20.7,36.7,43.2,100.0,0.1,50.0
2022-03-10,Warangal,0.0,21.5,36.9,44.8,100.0,0.0,25.8
2022-03-11,Warangal,0.0,22.8,36.1,49.0,100.0,0.0,10.0
2022-03-12,Warangal,0.8,22.0,37.4,41.0,100.0,0.0,23.2
2022-03-13,Warangal,0.0,22.8,36.9,41.4,100.0,0.0,12.1
2022-03-14,Warangal,0.0,19.5,37.6,32.9,100.0,0.0,9.8
2022-03-15,Warangal,0.0,19.1,38.7,26.5,100.0,0.1,14.4
2022-03-16,Warangal,0.0,21.4,39.5,28.7,100.0,0.1,11.4
2022-03-17,Warangal,0.0,21.8,41.0,31.0,100.0,0.1,10.6
2022-03-18,Warangal,0.0,22.9,41.4,26.0,100.0,0.1,15.0
2022-03-19,Warangal,0.0,23.7,37.3,52.9,100.0,0.8,19.2
2022-03-20,Warangal,0.0,24.4,36.9,48.9,100.0,0.8,15.2
2022-03-21,Warangal,0.0,25.5,37.6,55.2,100.0,0.0,11.9
2022-03-22,Warangal,0.0,24.9,38.2,53.9,100.0,0.2,19.8
2022-03-23,Warangal,0.0,25.2,38.7,54.4,100.0,0.1,12.7
2022-03-24,Warangal,0.0,25.0,39.3,54.4,100.0,0.5,16.7
2022-03-25,Warangal,0.0,24.4,36.9,63.6,100.0,0.8,15.5
2022-03-26,Warangal,0.0,24.6,35.9,60.4,100.0,0.8,14.6
2022-03-27,Warangal,0.0,24.7,36.7,63.1,100.0,0.7,14.2
2022-03-28,Warangal,0.0,25.0,38.0,55.9,100.0,0.8,11.9
2022-03-29,Warangal,0.0,24.6,39.3,51.5,100.0,1.0,12.7
2022-03-30,Warangal,0.0,25.0,40.2,51.8,100.0,0.3,12.1
2022-03-31,Warangal,0.0,25.7,41.2,43.2,100.0,0.0,15.0
2022-04-01,Warangal,0.0,25.4,38.1,60.5,100.0,0.7,14.3
2022-04-02,Warangal,0.0,25.8,36.2,66.1,100.0,2.2,15.2
2022-04-03,Warangal,0.0,24.9,36.8,65.8,100.0,0.8,14.6
2022-04-04,Warangal,0.0,24.2,37.4,62.1,100.0,0.5,15.4
2022-04-05,Warangal,0.0,24.9,37.6,54.7,100.0,1.6,15.1
2022-04-06,Warangal,0.0,24.7,37.3,59.5,100.0,0.9,16.2
2022-04-07,Warangal,0.0,24.2,39.1,44.7,100.0,0.3,15.1
2022-04-08,Warangal,0.0,24.5,38.2,48.4,100.0,0.7,14.9
2022-04-09,Warangal,0.0,25.0,37.0,55.1,100.0,1.0,15.3
2022-04-10,Warangal,0.0,25.1,36.9,60.8,100.0,0.4,16.6
2022-04-11,Warangal,0.0,24.4,39.9,49.5,100.0,1.1,15.2
2022-04-12,Warangal,0.0,25.2,38.2,49.9,100.0,0.5,15.5
2022-04-13,Warangal,0.0,25.1,38.9,51.8,100.0,0.7,16.2
2022-04-14,Warangal,0.0,25.7,39.5,50.8,100.0,0.0,18.0
2022-04-15,Warangal,0.0,25.9,39.1,48.5,100.0,1.1,14.9
2022-04-16,Warangal,0.0,27.4,40.0,48.1,100.0,0.8,12.7
2022-04-17,Warangal,0.4,26.9,39.9,49.9,100.0,0.5,14.2
2022-04-18,Warangal,0.0,26.3,40.3,48.0,100.0,0.5,15.1
2022-04-19,Warangal,0.0,26.3,41.7,43.2,100.0,0.0,18.0
2022-04-20,Warangal,0.0,26.3,42.9,42.6,100.0,0.0,13.2
2022-04-21,Warangal,0.0,26.3,42.6,40.7,100.0,0.6,15.3
2022-04-22,Warangal,0.0,26.2,39.4,52.2,100.0,0.8,15.6
2022-04-23,Warangal,0.0,26.0,39.9,47.4,100.0,1.2,19.6
2022-04-24,Warangal,0.0,26.0,39.7,40.1,100.0,0.0,15.0
2022-04-25,Warangal,0.0,26.9,42.4,37.1,99.9,0.0,12.7
2022-04-26,Warangal,0.0,25.8,43.0,37.7,99.9,0.1,13.4
2022-04-27,Warangal,0.0,26.1,42.9,39.6,100.0,0.7,13.0
2022-04-28,Warangal,0.0,26.5,44.0,37.3,99.9,0.1,13.7
2022-04-29,Warangal,0.0,27.0,41.9,41.9,90.1,0.0,14.1
2022-04-30,Warangal,0.0,27.4,44.0,28.4,90.8,0.0,17.4
2022-05-01,Warangal,0.0,27.9,45.6,29.4,99.9,0.0,15.3
2022-05-02,Warangal,0.0,27.5,44.9,32.8,100.0,0.1,20.0
2022-05-03,Warangal,0.6,28.3,44.0,37.2,100.0,0.0,19.9
2022-05-04,Warangal,2.8,23.4,40.1,54.4,100.0,1.9,22.4
2022-05-05,Warangal,0.8,25.4,37.5,50.3,100.0,0.0,15.1
2022-05-06,Warangal,0.0,27.4,42.6,36.2,99.9,0.0,21.7
2022-05-07,Warangal,0.0,25.5,43.1,37.4,92.3,0.5,21.0
2022-05-08,Warangal,9.5,28.0,42.6,34.3,91.1,1.1,17.5
2022-05-09,Warangal,0.0,26.0,41.8,46.1,99.9,0.7,23.4
2022-05-10,Warangal,0.0,28.6,42.9,36.9,91.4,0.0,15.0
2022-05-11,Warangal,0.0,29.3,40.2,38.1,88.3,0.0,22.6
2022-05-12,Warangal,0.3,28.1,34.3,66.5,99.9,0.1,18.6
2022-05-13,Warangal,0.0,25.6,37.8,58.5,99.9,1.1,21.9
2022-05-14,Warangal,0.0,27.6,40.6,48.4,99.9,1.5,15.5
2022-05-15,Warangal,0.0,28.4,42.9,41.6,99.9,3.0,15.4
2022-05-16,Warangal,0.0,28.6,42.5,46.3,99.9,0.4,18.7
2022-05-17,Warangal,0.8,27.5,41.8,45.7,99.9,1.7,18.1
2022-05-18,Warangal,0.0,27.9,40.3,48.9,85.2,2.9,10.8
2022-05-19,Warangal,0.7,27.9,40.7,50.9,96.1,0.0,13.9
2022-05-20,Warangal,0.0,27.0,39.5,49.3,100.0,1.7,16.4
2022-05-21,Warangal,0.0,27.8,40.1,47.7,88.3,0.1,12.8
2022-05-22,Warangal,0.0,29.0,39.5,44.5,70.5,0.7,14.6
2022-05-23,Warangal,0.0,30.4,42.0,25.9,62.9,0.7,21.8
2022-05-24,Warangal,0.0,30.7,42.6,34.6,65.6,0.0,20.4
2022-05-25,Warangal,0.8,28.7,43.0,35.8,91.5,0.0,19.7
2022-05-26,Warangal,6.7,28.5,40.2,44.2,86.2,1.0,17.8
2022-05-27,Warangal,5.3,28.3,43.8,30.9,87.0,0.0,11.7
2022-05-28,Warangal,15.1,27.4,41.8,34.5,94.2,1.1,20.9
2022-05-29,Warangal,0.0,29.9,42.9,27.2,68.8,0.0,28.1
2022-05-30,Warangal,4.0,28.8,43.5,32.2,81.9,0.0,19.7
2022-05-31,Warangal,1.4,32.0,43.7,31.0,64.2,0.0,17.4
2022-06-01,Warangal,0.0,29.9,42.7,33.6,69.7,0.0,15.4
2022-06-02,Warangal,0.0,30.6,42.2,35.5,68.4,0.0,16.1
2022-06-03,Warangal,0.0,30.8,45.2,25.1,62.9,0.9,17.1
2022-06-04,Warangal,0.0,30.9,44.4,27.7,72.7,0.0,23.3
2022-06-05,Warangal,0.0,31.0,45.2,24.9,80.0,0.1,17.6
2022-06-06,Warangal,6.5,30.2,43.9,38.1,72.4,0.1,23.3
2022-06-07,Warangal,0.0,27.3,38.6,49.4,87.0,0.1,15.5
2022-06-08,Warangal,0.0,31.8,43.0,29.9,67.6,0.0,19.8
2022-06-09,Warangal,0.0,30.4,42.1,35.9,61.5,0.1,23.6
2022-06-10,Warangal,0.0,31.0,42.9,35.7,70.8,0.9,20.3
2022-06-11,Warangal,4.8,28.1,42.3,36.7,84.6,0.5,28.3
2022-06-12,Warangal,20.6,26.9,41.5,38.7,100.0,0.1,18.0
2022-06-13,Warangal,4.7,27.5,40.0,53.4,93.5,0.0,12.9
2022-06-14,Warangal,6.0,26.8,39.2,54.2,91.3,1.3,19.2
2022-06-15,Warangal,14.8,27.3,42.2,43.3,100.0,0.2,20.7
2022-06-16,Warangal,87.6,24.0,39.6,50.3,100.0,0.2,19.7
2022-06-17,Warangal,28.8,25.5,34.7,71.9,100.0,0.0,15.5
2022-06-18,Warangal,23.6,25.6,38.4,62.0,100.0,0.2,19.5
2022-06-19,Warangal,0.7,27.1,37.9,57.3,100.0,1.1,16.8
2022-06-20,Warangal,27.1,26.3,37.4,59.5,100.0,0.2,15.4
2022-06-21,Warangal,101.7,23.3,37.5,61.1,100.0,0.1,15.7
2022-06-22,Warangal,55.5,23.7,31.6,87.0,100.0,0.0,36.2
2022-06-23,Warangal,2.5,26.1,34.3,78.4,100.0,0.0,10.3
2022-06-24,Warangal,0.3,27.4,36.0,60.1,98.7,0.1,14.2
2022-06-25,Warangal,18.9,25.3,33.6,67.5,100.0,0.0,15.2
2022-06-26,Warangal,52.0,24.2,33.2,79.9,100.0,0.0,12.6
2022-06-27,Warangal,29.3,23.9,32.6,90.9,100.0,0.0,18.1
2022-06-28,Warangal,21.5,25.4,32.4,85.4,100.0,0.0,13.3
2022-06-29,Warangal,16.3,25.5,32.8,85.6,100.0,0.5,9.7
2022-06-30,Warangal,16.0,25.8,35.5,68.2,100.0,0.2,13.9
2022-07-01,Warangal,41.7,26.2,35.0,75.0,100.0,0.0,14.6
2022-07-02,Warangal,0.3,26.2,35.4,72.7,100.0,0.0,15.2
2022-07-03,Warangal,46.7,24.6,34.3,69.1,100.0,0.0,22.0
2022-07-04,Warangal,59.8,24.3,33.5,84.6,100.0,0.2,15.2
2022-07-05,Warangal,24.6,24.5,33.1,89.1,100.0,0.0,14.8
2022-07-06,Warangal,49.5,24.3,35.0,79.5,100.0,0.1,16.0
2022-07-07,Warangal,11.7,25.6,32.7,92.9,100.0,8.7,13.9
2022-07-08,Warangal,33.8,24.7,33.8,87.7,100.0,1.6,15.5
2022-07-09,Warangal,101.8,22.9,28.2,99.6,100.0,1.1,16.2
2022-07-10,Warangal,85.0,23.2,27.4,99.6,100.0,6.2,21.3
2022-07-11,Warangal,97.4,23.4,27.9,99.8,100.0,4.3,22.4
2022-07-12,Warangal,38.9,23.3,28.1,99.3,100.0,4.4,16.6
2022-07-13,Warangal,71.3,23.0,25.6,98.5,100.0,5.3,23.6
2022-07-14,Warangal,40.6,23.8,27.6,96.6,100.0,6.5,16.8
2022-07-15,Warangal,10.2,25.1,29.0,92.3,100.0,2.3,14.2
2022-07-16,Warangal,0.0,25.9,33.2,77.5,100.0,0.0,17.5
2022-07-17,Warangal,58.7,24.7,35.5,73.8,100.0,0.2,15.4
2022-07-18,Warangal,18.9,23.9,28.1,99.3,100.0,0.2,10.7
2022-07-19,Warangal,12.5,24.5,32.8,89.7,100.0,0.6,13.6
2022-07-20,Warangal,0.9,25.2,34.5,74.4,100.0,0.0,14.4
2022-07-21,Warangal,50.6,24.1,34.7,72.4,100.0,0.0,15.4
2022-07-22,Warangal,2.9,25.4,32.4,92.3,100.0,0.0,17.4
2022-07-23,Warangal,116.1,23.7,31.5,95.1,100.0,0.1,15.3
2022-07-24,Warangal,3.9,24.7,30.1,99.9,100.0,0.0,15.2
2022-07-25,Warangal,44.9,24.3,33.7,82.9,100.0,0.0,17.7
2022-07-26,Warangal,70.3,24.4,34.0,79.4,100.0,0.0,11.2
2022-07-27,Warangal,24.1,24.3,32.7,91.0,100.0,0.0,16.4
2022-07-28,Warangal,1.9,25.7,35.6,77.8,100.0,0.0,10.6
2022-07-29,Warangal,0.0,26.3,36.1,72.9,100.0,0.0,10.2
2022-07-30,Warangal,7.9,25.2,34.9,74.6,100.0,0.0,14.4
2022-07-31,Warangal,8.6,26.3,35.8,76.3,100.0,0.0,13.7
2022-08-01,Warangal,33.2,25.8,37.0,68.0,100.0,0.0,11.1
2022-08-02,Warangal,69.8,26.3,35.4,77.0,100.0,0.0,14.6
2022-08-03,Warangal,117.8,23.1,36.9,90.1,100.0,0.0,16.9
2022-08-04,Warangal,87.0,24.8,36.5,68.5,100.0,0.0,15.0
2022-08-05,Warangal,3.1,25.0,34.9,84.9,100.0,0.0,12.3
2022-08-06,Warangal,21.2,24.6,32.5,94.3,100.0,0.1,12.1
2022-08-07,Warangal,34.3,24.0,33.4,89.8,100.0,0.0,15.2
2022-08-08,Warangal,44.8,23.3,30.2,96.2,100.0,0.0,20.2
2022-08-09,Warangal,2.0,25.1,29.2,99.1,100.0,1.5,14.2
2022-08-10,Warangal,13.5,24.2,28.2,97.1,100.0,3.0,14.1
2022-08-11,Warangal,0.4,24.7,32.7,90.7,100.0,5.9,15.3
2022-08-12,Warangal,0.3,25.8,32.7,83.6,100.0,3.2,15.3
2022-08-13,Warangal,0.9,25.8,33.9,85.2,100.0,0.5,13.9
2022-08-14,Warangal,20.3,24.0,32.6,84.9,100.0,0.4,13.5
2022-08-15,Warangal,16.9,23.9,26.7,98.6,100.0,3.1,9.3
2022-08-16,Warangal,0.3,24.5,30.0,97.5,100.0,1.2,14.1
2022-08-17,Warangal,0.0,25.2,34.3,72.9,100.0,3.3,13.6
2022-08-18,Warangal,24.5,26.3,36.7,69.5,100.0,0.0,20.0
2022-08-19,Warangal,6.0,26.6,35.1,81.5,100.0,0.0,13.7
2022-08-20,Warangal,14.1,26.1,32.7,92.5,100.0,1.7,18.2
2022-08-21,Warangal,0.0,26.7,34.4,81.0,100.0,0.0,22.4
2022-08-22,Warangal,3.0,26.2,34.3,74.8,100.0,5.7,15.7
2022-08-23,Warangal,0.0,25.5,34.2,78.7,100.0,0.0,15.4
2022-08-24,Warangal,23.8,25.0,35.4,74.3,100.0,0.0,12.4
2022-08-25,Warangal,5.4,25.1,35.8,67.1,100.0,0.0,12.2
2022-08-26,Warangal,38.1,23.7,35.0,72.9,100.0,0.0,13.9
2022-08-27,Warangal,2.4,25.9,34.7,72.9,100.0,0.0,16.2
2022-08-28,Warangal,1.8,26.0,36.4,67.1,100.0,0.0,15.3
2022-08-29,Warangal,0.2,26.2,36.5,56.0,100.0,0.0,15.4
2022-08-30,Warangal,84.6,24.6,35.0,79.2,100.0,0.0,9.6
2022-08-31,Warangal,23.9,25.9,35.7,69.0,100.0,0.0,13.1
2022-09-01,Warangal,0.0,25.5,36.2,80.1,100.0,0.3,12.9
2022-09-02,Warangal,2.0,25.0,36.2,77.2,100.0,0.0,12.6
2022-09-03,Warangal,3.8,26.1,35.6,79.1,100.0,0.0,16.9
2022-09-04,Warangal,0.0,26.3,37.9,76.9,100.0,0.0,8.4
2022-09-05,Warangal,14.3,23.4,32.2,87.8,100.0,0.0,19.6
2022-09-06,Warangal,0.6,25.2,36.6,70.4,100.0,0.4,10.4
2022-09-07,Warangal,19.8,24.8,35.8,81.0,100.0,0.0,12.2
2022-09-08,Warangal,26.2,24.5,36.2,85.2,100.0,0.0,9.0
2022-09-09,Warangal,24.0,25.4,32.7,93.7,100.0,0.0,10.2
2022-09-10,Warangal,55.6,24.4,32.9,92.9,100.0,0.0,14.9
2022-09-11,Warangal,70.9,23.7,32.2,96.2,100.0,0.0,14.0
2022-09-12,Warangal,30.5,23.7,26.2,96.9,100.0,0.0,13.2
2022-09-13,Warangal,4.8,24.9,31.4,94.6,100.0,3.4,22.7
2022-09-14,Warangal,0.3,24.6,33.0,88.4,100.0,3.0,15.3
2022-09-15,Warangal,0.4,24.5,33.7,85.4,100.0,1.6,12.7
2022-09-16,Warangal,0.4,24.3,33.5,82.0,100.0,0.0,15.1
2022-09-17,Warangal,0.0,25.0,35.6,82.6,100.0,0.0,14.3
2022-09-18,Warangal,4.8,24.7,34.7,84.0,100.0,0.0,11.8
2022-09-19,Warangal,9.5,25.7,34.8,76.2,100.0,0.0,15.2
2022-09-20,Warangal,60.0,22.6,33.0,90.6,100.0,0.0,19.3
2022-09-21,Warangal,33.3,24.4,30.8,99.3,100.0,0.0,10.2
2022-09-22,Warangal,2.1,25.0,33.0,85.2,100.0,0.0,14.8
2022-09-23,Warangal,53.8,24.0,32.9,83.5,100.0,1.3,13.3
2022-09-24,Warangal,1.3,23.7,33.0,80.4,100.0,0.0,12.4
2022-09-25,Warangal,0.0,24.0,36.0,74.8,100.0,0.0,13.5
2022-09-26,Warangal,0.0,24.5,36.0,72.1,100.0,0.0,10.7
2022-09-27,Warangal,52.6,23.9,35.2,78.2,100.0,0.3,16.8
2022-09-28,Warangal,0.0,24.9,34.2,80.1,100.0,0.0,14.0
2022-09-29,Warangal,29.5,24.2,36.4,73.6,100.0,0.0,13.1
2022-09-30,Warangal,5.2,23.6,33.1,85.8,100.0,0.0,14.3
